id_cliente,nome,cpf,data_nascimento,renda_mensal,regiao,data_carga
1,Kaique Novaes,12743589655,2004-09-29,8116.26,SUL,2025-03-28 18:36:55
2,Nicole Farias,17094658320,1960-07-04,4485.26,SUL,2025-03-28 18:36:55
3,Dr. Henrique Costela,75680129302,1969-08-10,12340.15,NORDESTE,2025-03-28 18:36:55
4,Raquel Costa,96173045893,1986-09-07,3963.9,CENTRO-OESTE,2025-03-28 18:36:55
5,Augusto Mendonça,35987140684,1989-01-20,9725.73,SUL,2025-03-28 18:36:55
6,Cecília Mendonça,41078296502,1961-06-07,12421.19,CENTRO-OESTE,2025-03-28 18:36:55
7,Dr. Anthony Gabriel Moreira,64028315735,1998-01-28,1391.11,NORDESTE,2025-03-28 18:36:55
8,Sara Da Costa,72456190343,1996-12-04,14717.98,NORDESTE,2025-03-28 18:36:55
9,Anna Liz Borges,95327180603,2005-11-01,4454.67,SUL,2025-03-28 18:36:55
10,Valentim Aparecida,37156024906,1998-10-14,12732.15,NORDESTE,2025-03-28 18:36:55
11,Luiz Fernando Da Luz,43915786209,1950-07-02,10970.37,SUDESTE,2025-03-28 18:36:55
12,Maria Clara Gonçalves,18437290678,1956-11-28,1438.19,CENTRO-OESTE,2025-03-28 18:36:55
13,Dr. Daniel Pires,93854702132,1978-10-05,12625.2,NORDESTE,2025-03-28 18:36:55
14,Gabrielly Farias,19358704241,1951-09-01,1886.65,SUDESTE,2025-03-28 18:36:55
15,Isabela Ferreira,6423891524,1960-03-14,7960.88,CENTRO-OESTE,2025-03-28 18:36:55
16,Miguel Leão,54860923774,1951-10-25,8266.78,SUDESTE,2025-03-28 18:36:55
17,Bianca Da Rocha,14723056980,1980-06-29,12255.88,CENTRO-OESTE,2025-03-28 18:36:55
18,Valentim Macedo,69820413796,1953-03-01,17338.87,SUL,2025-03-28 18:36:55
19,Sra. Emanuella Cirino,76542803190,2001-08-18,9559.49,NORDESTE,2025-03-28 18:36:55
20,Maria Fernanda Rocha,58123076444,1963-03-15,19028.83,SUDESTE,2025-03-28 18:36:55
21,João Gabriel Da Mata,75481602326,1994-06-16,11702.48,NORDESTE,2025-03-28 18:36:55
22,Marcelo Moraes,48573921609,1976-05-06,6787.66,SUL,2025-03-28 18:36:55
23,Ian Da Rocha,50942167830,1968-02-06,5386.98,SUDESTE,2025-03-28 18:36:55
24,Lara Melo,96047325874,1990-01-12,9362.9,SUDESTE,2025-03-28 18:36:55
25,Sra. Isabela Cassiano,81275493637,1946-07-31,10408.36,CENTRO-OESTE,2025-03-28 18:36:55
26,Valentim Gomes,90463215761,1956-06-25,18277.09,SUDESTE,2025-03-28 18:36:55
27,Dr. Murilo Freitas,32670415890,1971-07-19,4462.49,SUDESTE,2025-03-28 18:36:55
28,Luara Ribeiro,46231590860,2005-08-04,6922.51,NORDESTE,2025-03-28 18:36:55
29,Zoe Montenegro,47258390197,1947-06-30,11786.31,SUL,2025-03-28 18:36:55
30,Ryan Monteiro,64520378117,1994-12-20,19422.11,NORDESTE,2025-03-28 18:36:55
31,Joaquim Pires,38091725450,1974-04-13,9545.33,NORDESTE,2025-03-28 18:36:55
32,Dra. Cecília Pereira,42630157970,1952-04-06,18001.72,SUDESTE,2025-03-28 18:36:55
33,Julia Da Cunha,2371586986,2001-07-02,1859.32,SUL,2025-03-28 18:36:55
34,José Farias,31982405732,1962-07-02,8384.87,NORDESTE,2025-03-28 18:36:55
35,Dr. Otto Porto,59637208186,1949-08-07,11254.15,NORDESTE,2025-03-28 18:36:55
36,Srta. Pietra Jesus,58763204126,1994-04-22,19339.85,SUDESTE,2025-03-28 18:36:55
37,Clarice Vieira,71932546855,1972-01-08,11311.23,NORTE,2025-03-28 18:36:55
38,Nicole Das Neves,12498630589,1948-09-26,6629.2,SUL,2025-03-28 18:36:55
39,Dr. Rael Vasconcelos,6532941824,1992-10-25,2416.46,NORTE,2025-03-28 18:36:55
40,Pietro Cassiano,90135786401,1985-04-17,15672.65,SUDESTE,2025-03-28 18:36:55
41,Kamilly Cavalcante,50367149206,1989-01-21,6576.28,CENTRO-OESTE,2025-03-28 18:36:55
42,Olívia Freitas,31975026470,1990-08-29,4778.01,CENTRO-OESTE,2025-03-28 18:36:55
43,Elisa Melo,65748390175,2002-08-25,16013.34,CENTRO-OESTE,2025-03-28 18:36:55
44,Eduardo Vargas,51640398260,1951-03-23,2406.85,NORDESTE,2025-03-28 18:36:55
45,Dr. João Pedro Cirino,25403917888,1952-02-13,3201.51,NORTE,2025-03-28 18:36:55
46,Isabela Cunha,32045816915,1948-04-03,12842.66,NORDESTE,2025-03-28 18:36:55
47,Zoe Castro,82930671521,1952-07-26,2812.79,SUL,2025-03-28 18:36:55
48,Sarah Fogaça,28015769302,1986-06-13,14862.52,CENTRO-OESTE,2025-03-28 18:36:55
49,Letícia Cirino,65140289342,1968-10-19,11663.63,CENTRO-OESTE,2025-03-28 18:36:55
50,Valentina Viana,48530796292,1996-09-28,3272.29,CENTRO-OESTE,2025-03-28 18:36:55
51,Sara Castro,83745962010,1969-03-06,15454.92,NORDESTE,2025-03-28 18:36:55
52,Srta. Gabrielly Santos,81964537010,2003-10-16,5483.71,CENTRO-OESTE,2025-03-28 18:36:55
53,Sra. Ana Luiza Fogaça,56340728910,1970-12-09,10931.92,NORDESTE,2025-03-28 18:36:55
54,Maria Fernanda Rios,98613704557,2005-01-02,1482.96,SUL,2025-03-28 18:36:55
55,Leonardo Azevedo,38015246989,1996-10-13,4832.66,NORTE,2025-03-28 18:36:55
56,Valentim Da Costa,91630547280,1944-11-03,6972.76,SUDESTE,2025-03-28 18:36:55
57,Sra. Jade Machado,18746932003,1951-10-12,18243.76,SUL,2025-03-28 18:36:55
58,Guilherme Novais,79056143280,1952-12-22,11256.98,SUL,2025-03-28 18:36:55
59,Anthony Oliveira,16259037406,1990-07-19,5347.17,CENTRO-OESTE,2025-03-28 18:36:55
60,Camila Pacheco,78056421920,1945-02-05,14200.91,SUDESTE,2025-03-28 18:36:55
61,Bento Sampaio,9428356700,1974-07-09,18664.26,SUL,2025-03-28 18:36:55
62,Sofia Fernandes,89367052456,2002-12-13,6617.04,SUL,2025-03-28 18:36:55
63,Maria Alice Sá,56940732829,1972-09-25,17557.75,SUDESTE,2025-03-28 18:36:55
64,Lavínia Cavalcante,37214608987,1972-12-09,5150.37,SUDESTE,2025-03-28 18:36:55
65,Ana Laura Silveira,19276580476,1973-12-17,17958.62,CENTRO-OESTE,2025-03-28 18:36:55
66,Lucas Dias,69132784031,2006-06-14,7162.56,SUDESTE,2025-03-28 18:36:55
67,Samuel Ferreira,51680249398,1949-07-16,7769.66,NORTE,2025-03-28 18:36:55
68,Maria Helena Pires,57324901832,1987-07-30,6170.51,CENTRO-OESTE,2025-03-28 18:36:55
69,Maysa Farias,48971520388,2001-10-08,9115.05,SUDESTE,2025-03-28 18:36:55
70,Diego Brito,69571843075,1953-12-18,7698.81,CENTRO-OESTE,2025-03-28 18:36:55
71,Thiago Araújo,53416298098,2005-05-20,1132.09,CENTRO-OESTE,2025-03-28 18:36:55
72,Eduardo Cavalcante,18630275995,1944-09-20,8930.81,SUL,2025-03-28 18:36:55
73,Valentina Araújo,80976541300,2005-04-05,14156.28,NORDESTE,2025-03-28 18:36:55
74,Ana Sophia Carvalho,72850164976,1972-09-25,7414.69,CENTRO-OESTE,2025-03-28 18:36:55
75,Luan Pinto,36408927122,2002-12-14,7140.86,NORTE,2025-03-28 18:36:55
76,Ana Lívia Da Cruz,87305691259,1983-11-26,8672.89,NORTE,2025-03-28 18:36:55
77,Matheus Da Cunha,79162438069,1966-05-31,5824.39,SUDESTE,2025-03-28 18:36:55
78,Luana Dias,96103874203,2006-12-04,5783.86,NORDESTE,2025-03-28 18:36:55
79,Oliver Gomes,71236594061,2003-01-30,14533.14,SUL,2025-03-28 18:36:55
80,Agatha Pimenta,6935247152,1985-11-05,6411.97,NORTE,2025-03-28 18:36:55
81,Cecilia Da Mata,74398526137,1969-01-01,6068.84,NORDESTE,2025-03-28 18:36:55
82,Samuel Cavalcanti,12504698305,1966-02-26,10550.9,SUL,2025-03-28 18:36:55
83,Kamilly Fonseca,90142758388,1999-12-22,7556.35,NORTE,2025-03-28 18:36:55
84,Sophia Dias,47120358626,1984-01-10,5551.68,NORDESTE,2025-03-28 18:36:55
85,Letícia Barbosa,21589470397,2007-01-29,11087.76,NORDESTE,2025-03-28 18:36:55
86,João Miguel Aparecida,27639084547,1996-10-11,19727.36,SUDESTE,2025-03-28 18:36:55
87,Sr. Lucca Azevedo,34578092674,1946-11-13,2536.21,CENTRO-OESTE,2025-03-28 18:36:55
88,Sara Almeida,18726394537,1967-12-26,5601.04,SUL,2025-03-28 18:36:55
89,Srta. Amanda Silva,18934260769,2006-08-01,13013.81,CENTRO-OESTE,2025-03-28 18:36:55
90,Erick Nogueira,96705342161,1959-08-27,16512.21,NORTE,2025-03-28 18:36:55
91,Brayan Cavalcante,79538201450,2002-04-11,3863.63,CENTRO-OESTE,2025-03-28 18:36:55
92,Renan Ferreira,92718436069,1990-09-14,4543.85,SUL,2025-03-28 18:36:55
93,Srta. Ana Sophia Campos,41295076306,1996-05-28,17308.82,SUDESTE,2025-03-28 18:36:55
94,João Felipe Costa,5786143244,2001-07-15,13873.72,CENTRO-OESTE,2025-03-28 18:36:55
95,Thiago Montenegro,53246178062,1950-08-07,14511.84,CENTRO-OESTE,2025-03-28 18:36:55
96,Maria Laura Da Costa,39085172659,1973-03-01,7624.65,SUDESTE,2025-03-28 18:36:55
97,Isaque Câmara,76015248335,1975-03-10,18869.94,NORDESTE,2025-03-28 18:36:55
98,Dr. Noah Andrade,24908675392,1995-01-22,16916.49,CENTRO-OESTE,2025-03-28 18:36:55
99,Josué Mendonça,67481530939,1951-11-02,7480.26,NORTE,2025-03-28 18:36:55
100,Olívia Cavalcanti,3986142703,1960-01-20,4972.36,NORDESTE,2025-03-28 18:36:55
101,Théo Moreira,93172605434,1984-08-13,5900.89,SUDESTE,2025-03-28 18:36:55
102,Maria Júlia Da Mata,40315862726,2004-07-22,4324.14,NORTE,2025-03-28 18:36:55
103,Lucas Farias,89340762592,1994-06-07,10816.08,NORTE,2025-03-28 18:36:55
104,Olívia Câmara,38297514609,1951-06-29,5595.19,SUDESTE,2025-03-28 18:36:55
105,Liam Cunha,87691352077,2005-09-02,11607.58,CENTRO-OESTE,2025-03-28 18:36:55
106,Srta. Beatriz Cassiano,32894761031,1993-03-28,4585.44,NORTE,2025-03-28 18:36:55
107,João Gabriel Machado,69517380259,1944-05-09,7634.98,CENTRO-OESTE,2025-03-28 18:36:55
108,Liz Martins,93204617831,1957-11-23,17270.16,NORTE,2025-03-28 18:36:55
109,Carlos Eduardo Nogueira,36541279837,1960-07-14,13198.6,CENTRO-OESTE,2025-03-28 18:36:55
110,Yan Mendes,79104258649,1980-02-04,18777.06,SUDESTE,2025-03-28 18:36:55
111,Lívia Pires,67193254006,1983-05-15,18072.53,SUDESTE,2025-03-28 18:36:55
112,Sophie Vasconcelos,50289317630,1964-12-31,12033.05,NORTE,2025-03-28 18:36:55
113,Ian Dias,40215867920,1954-10-18,13606.53,SUL,2025-03-28 18:36:55
114,Alana Cavalcante,57482139664,1980-01-27,6394.5,NORDESTE,2025-03-28 18:36:55
115,Asafe Montenegro,73501264844,1966-03-24,10226.66,CENTRO-OESTE,2025-03-28 18:36:55
116,Paulo Rocha,28617940387,1975-07-28,13387.26,NORTE,2025-03-28 18:36:55
117,Benicio Nunes,97408123687,1946-01-29,4342.58,SUDESTE,2025-03-28 18:36:55
118,Melina Correia,31472598032,1982-07-18,5507.73,SUL,2025-03-28 18:36:55
119,Luiz Fernando Monteiro,28637951473,1980-01-04,4397.63,CENTRO-OESTE,2025-03-28 18:36:55
120,Sr. Joaquim Viana,53790148288,1946-07-13,13494.64,NORTE,2025-03-28 18:36:55
121,Heloisa Gomes,68490273529,1985-07-17,11308.26,CENTRO-OESTE,2025-03-28 18:36:55
122,Isis Rios,70418395675,1960-01-31,7986.6,SUL,2025-03-28 18:36:55
123,Sara Da Rocha,75863092483,1992-06-19,10248.1,CENTRO-OESTE,2025-03-28 18:36:55
124,Gabriel Garcia,8915476301,1993-07-13,9253.49,SUL,2025-03-28 18:36:55
125,Sr. Lucca Monteiro,15702943643,1989-09-21,10550.1,SUDESTE,2025-03-28 18:36:55
126,Marcela Pinto,83540279105,1948-11-20,13709.56,NORTE,2025-03-28 18:36:55
127,Marcos Vinicius Barros,52346098124,1951-01-28,4709.62,SUL,2025-03-28 18:36:55
128,Vitor Vargas,20376954892,1962-10-19,10484.67,SUDESTE,2025-03-28 18:36:55
129,Lavínia Pereira,81950347648,1985-11-10,1462.0,NORTE,2025-03-28 18:36:55
130,Ana Beatriz Ribeiro,71349085693,1958-07-26,1828.47,SUDESTE,2025-03-28 18:36:55
131,Manuella Da Costa,94568712076,1956-05-11,18868.71,SUL,2025-03-28 18:36:55
132,Dr. Vitor Gabriel Ramos,7256134835,1957-06-02,6311.65,CENTRO-OESTE,2025-03-28 18:36:55
133,Marcos Vinicius Pinto,85492076329,2001-11-29,15206.66,SUL,2025-03-28 18:36:55
134,Alícia Almeida,68051942701,1965-12-14,18638.05,NORTE,2025-03-28 18:36:55
135,Danilo Lopes,32467098583,1950-06-30,11502.53,CENTRO-OESTE,2025-03-28 18:36:55
136,Erick Rezende,5183967466,1988-05-29,19626.3,SUDESTE,2025-03-28 18:36:55
137,Vitor Gabriel Alves,60273419552,1980-04-21,6594.53,SUL,2025-03-28 18:36:55
138,Evelyn Macedo,47215830950,1960-10-27,4627.31,NORTE,2025-03-28 18:36:55
139,Diogo Duarte,8957421602,1994-04-28,7021.52,NORDESTE,2025-03-28 18:36:55
140,Sr. Levi Novaes,9351286703,1949-09-06,11579.22,NORDESTE,2025-03-28 18:36:55
141,Isabella Silveira,72946318591,1956-12-01,18670.32,NORDESTE,2025-03-28 18:36:55
142,Augusto Campos,95326104806,1997-06-27,12685.14,NORDESTE,2025-03-28 18:36:55
143,Hadassa Gonçalves,49536801205,1982-06-12,5829.11,NORDESTE,2025-03-28 18:36:55
144,Liam Vieira,59368140251,1979-04-01,17670.09,NORTE,2025-03-28 18:36:55
145,Sr. Anthony Gabriel Oliveira,23794518691,1963-08-21,17124.73,NORTE,2025-03-28 18:36:55
146,Gael Porto,27058619395,2006-09-18,14347.2,SUL,2025-03-28 18:36:55
147,Nathan Cassiano,92685174001,1987-02-12,6633.69,NORDESTE,2025-03-28 18:36:55
148,Ana Vitória Jesus,48630752947,1973-07-27,16392.15,NORTE,2025-03-28 18:36:55
149,Renan Albuquerque,75608493184,1964-06-07,12618.76,SUDESTE,2025-03-28 18:36:55
150,Maria Luiza Silva,91576803457,1958-12-06,10715.51,NORTE,2025-03-28 18:36:55
151,Sofia Alves,26317845964,1946-08-02,12929.99,SUDESTE,2025-03-28 18:36:55
152,Sra. Gabrielly Mendonça,13582976491,1968-02-17,13349.31,SUDESTE,2025-03-28 18:36:55
153,Sr. Benjamim Novaes,54107683966,1992-06-02,17845.73,SUDESTE,2025-03-28 18:36:55
154,Vinicius Novais,67380241508,1968-01-10,11998.43,CENTRO-OESTE,2025-03-28 18:36:55
155,Stella Peixoto,43591720879,1981-08-12,9846.36,SUL,2025-03-28 18:36:55
156,Bianca Machado,47269308500,1950-01-03,16939.74,NORDESTE,2025-03-28 18:36:55
157,Pedro Henrique Montenegro,50864312717,1991-03-02,1579.5,SUDESTE,2025-03-28 18:36:55
158,Lucca Porto,6579432152,1992-11-28,1737.86,CENTRO-OESTE,2025-03-28 18:36:55
159,Maria Lopes,7243681913,1954-12-17,3414.15,NORTE,2025-03-28 18:36:55
160,Francisco Da Costa,65042871390,1964-08-15,16729.51,SUDESTE,2025-03-28 18:36:55
161,Anthony Borges,10569874300,1989-02-28,5100.6,SUL,2025-03-28 18:36:55
162,Sra. Nicole Duarte,67513249873,1993-08-13,9688.04,SUL,2025-03-28 18:36:55
163,Clara Da Cunha,21590386442,2002-04-22,4693.22,CENTRO-OESTE,2025-03-28 18:36:55
164,Gael Câmara,28754390141,1986-03-13,13111.17,SUDESTE,2025-03-28 18:36:55
165,Sr. Ravy Leão,63420718535,1945-06-30,3522.16,NORDESTE,2025-03-28 18:36:55
166,Vinicius Vieira,15304962761,1978-11-22,10809.71,CENTRO-OESTE,2025-03-28 18:36:55
167,João Gabriel Azevedo,59803476238,1984-10-02,16108.54,CENTRO-OESTE,2025-03-28 18:36:55
168,Heloísa Albuquerque,27095163499,2006-05-02,9340.46,NORDESTE,2025-03-28 18:36:55
169,Luiza Azevedo,43708652126,1985-04-09,1481.66,SUL,2025-03-28 18:36:55
170,Srta. Evelyn Da Luz,84139502797,1986-06-30,2536.59,NORTE,2025-03-28 18:36:55
171,Bento Alves,16758320480,1970-08-29,14081.5,NORTE,2025-03-28 18:36:55
172,Matheus Brito,14295673099,1971-07-26,4292.59,NORTE,2025-03-28 18:36:55
173,Benjamim Andrade,91574862391,1963-07-26,9404.69,NORTE,2025-03-28 18:36:55
174,Bianca Melo,90457136243,1972-10-03,13543.75,SUL,2025-03-28 18:36:55
175,Davi Lucas Cunha,64095283700,1969-05-01,13127.14,SUL,2025-03-28 18:36:55
176,Gustavo Henrique Da Mota,18047623931,1995-09-15,15020.04,SUL,2025-03-28 18:36:55
177,Sra. Sabrina Mendes,15904263716,2005-09-13,12622.69,CENTRO-OESTE,2025-03-28 18:36:55
178,Maria Helena Fernandes,35429681709,1998-12-03,5706.89,CENTRO-OESTE,2025-03-28 18:36:55
179,Davi Miguel Albuquerque,68792503438,1999-11-05,15399.08,NORTE,2025-03-28 18:36:55
180,Luna Jesus,4582731635,1964-03-01,7495.71,SUDESTE,2025-03-28 18:36:55
181,Dr. Lucas Gabriel Fernandes,74802691378,2005-10-08,1874.05,NORTE,2025-03-28 18:36:55
182,Dra. Isis Moura,18594236042,1979-01-13,6916.85,SUDESTE,2025-03-28 18:36:55
183,Dr. José Miguel Gonçalves,42103976525,1991-02-22,4331.28,NORDESTE,2025-03-28 18:36:55
184,Ana Júlia Rodrigues,85719203460,1986-12-23,15503.92,SUL,2025-03-28 18:36:55
185,Cecilia Machado,34917056810,1990-08-27,9995.96,NORTE,2025-03-28 18:36:55
186,João Vitor Teixeira,96513480205,1994-11-13,9828.8,SUL,2025-03-28 18:36:55
187,Stephany Machado,35067291443,1986-01-29,8571.59,NORDESTE,2025-03-28 18:36:55
188,Sra. Mirella Vargas,39841276500,1990-01-01,19033.77,SUDESTE,2025-03-28 18:36:55
189,Mirella Carvalho,94280735123,1981-03-24,1860.78,NORDESTE,2025-03-28 18:36:55
190,Benício Macedo,95163247891,1999-08-20,12891.34,NORDESTE,2025-03-28 18:36:55
191,Ana Luiza Nascimento,58679230456,1949-08-04,10519.76,SUL,2025-03-28 18:36:55
192,Luna Peixoto,82364591791,1985-03-01,13995.31,NORDESTE,2025-03-28 18:36:55
193,Allana Lima,72391805659,1985-12-04,1503.71,CENTRO-OESTE,2025-03-28 18:36:55
194,Sophie Da Cunha,81406375217,1988-01-02,16218.04,SUDESTE,2025-03-28 18:36:55
195,Dr. Felipe Caldeira,79286153040,1945-08-01,8375.23,SUDESTE,2025-03-28 18:36:55
196,Luna Da Rosa,95461378048,1986-08-11,3441.51,SUL,2025-03-28 18:36:55
197,Dante Andrade,81694320570,1986-04-22,11366.72,SUL,2025-03-28 18:36:55
198,Dr. Rhavi Moraes,75820439600,1948-03-06,12892.85,NORTE,2025-03-28 18:36:55
199,Brayan Fernandes,12906437506,1952-07-25,19262.62,NORDESTE,2025-03-28 18:36:55
200,Mariane Nogueira,71893064557,1978-11-17,4927.0,SUL,2025-03-28 18:36:55
201,Dr. Matheus Campos,57041628949,1951-07-29,2317.86,NORDESTE,2025-03-28 18:36:55
202,Maysa Cassiano,27413806517,1999-10-05,1740.3,NORDESTE,2025-03-28 18:36:55
203,Ana Sophia Rodrigues,54123706916,1967-11-03,13977.13,NORTE,2025-03-28 18:36:55
204,Rael Porto,50893241741,2004-02-12,13458.73,SUL,2025-03-28 18:36:55
205,João Gabriel Marques,74165209830,1974-07-18,17052.63,NORDESTE,2025-03-28 18:36:55
206,Arthur Dias,81076495320,1996-06-01,7471.87,CENTRO-OESTE,2025-03-28 18:36:55
207,Dr. Ravi Lucca Porto,61739524837,1956-03-03,6355.24,SUDESTE,2025-03-28 18:36:55
208,Luan Peixoto,85643210762,1983-06-30,14164.92,NORDESTE,2025-03-28 18:36:55
209,Lavínia Oliveira,73419082541,1962-08-13,12949.91,SUL,2025-03-28 18:36:55
210,Lucca Guerra,7438251950,1977-11-26,1744.54,NORTE,2025-03-28 18:36:55
211,Davi Lucca Barbosa,74352698083,2004-03-17,16266.14,NORTE,2025-03-28 18:36:55
212,Miguel Castro,72986130496,1963-08-10,11411.47,SUL,2025-03-28 18:36:55
213,Fernando Lopes,25084163989,1967-12-18,15261.68,CENTRO-OESTE,2025-03-28 18:36:55
214,Pietra Azevedo,5247936892,1989-06-30,19819.6,SUDESTE,2025-03-28 18:36:55
215,Ana Clara Pereira,64071892501,1986-05-06,8068.34,SUL,2025-03-28 18:36:55
216,Pedro Lucas Novaes,18362479582,1981-07-12,5533.34,SUL,2025-03-28 18:36:55
217,Dra. Lorena Camargo,83964507148,1990-09-06,15058.27,CENTRO-OESTE,2025-03-28 18:36:55
218,Elisa Souza,35187926012,1997-01-08,2959.35,NORTE,2025-03-28 18:36:55
219,Augusto Cunha,14037289687,1953-09-22,11152.22,SUDESTE,2025-03-28 18:36:55
220,Melina Sá,39812560777,1949-06-15,16702.69,SUL,2025-03-28 18:36:55
221,Sra. Hadassa Alves,52086743947,1983-02-24,18014.94,NORTE,2025-03-28 18:36:55
222,Joana Teixeira,43587961255,1998-11-15,2016.22,SUL,2025-03-28 18:36:55
223,Catarina Abreu,83412607517,1977-04-03,18202.26,SUDESTE,2025-03-28 18:36:55
224,Dra. Evelyn Da Cruz,40162573952,1946-10-04,7743.2,SUDESTE,2025-03-28 18:36:55
225,Aurora Alves,54206178380,1980-05-13,19051.18,SUDESTE,2025-03-28 18:36:55
226,Sabrina Costela,5126984306,1971-01-04,11895.32,SUL,2025-03-28 18:36:55
227,Luan Sales,82157093460,1992-10-01,2742.38,SUDESTE,2025-03-28 18:36:55
228,Ana Luiza Da Rocha,69587234146,1956-09-25,7244.63,CENTRO-OESTE,2025-03-28 18:36:55
229,Luiz Felipe Alves,34289567029,1964-07-22,5041.83,SUL,2025-03-28 18:36:55
230,Ravy Sampaio,87695230456,1991-03-19,16040.0,NORTE,2025-03-28 18:36:55
231,Caroline Rios,68742519020,1981-11-09,3155.83,SUL,2025-03-28 18:36:55
232,Dr. Liam Ramos,27653980112,2005-11-02,10393.99,NORDESTE,2025-03-28 18:36:55
233,Sra. Emanuelly Novaes,45961203743,2006-07-04,9389.08,SUL,2025-03-28 18:36:55
234,Marcos Vinicius Leão,96514032842,1958-03-18,7667.39,NORDESTE,2025-03-28 18:36:55
235,Allana Albuquerque,7129364599,1999-08-14,19404.39,NORTE,2025-03-28 18:36:55
236,Yan Da Rocha,40193825732,1995-01-14,15468.7,SUDESTE,2025-03-28 18:36:55
237,Maria Helena Castro,80932154760,1989-10-20,17470.51,SUL,2025-03-28 18:36:55
238,Miguel Carvalho,86492305710,1983-10-06,5228.95,NORTE,2025-03-28 18:36:55
239,Mathias Moura,76310584235,1966-11-01,16615.34,NORDESTE,2025-03-28 18:36:55
240,Caleb Da Costa,10932754643,1994-06-16,3785.49,SUL,2025-03-28 18:36:55
241,Dr. Thiago Da Paz,86512407911,2002-05-25,2611.92,CENTRO-OESTE,2025-03-28 18:36:55
242,Pedro Correia,95074216885,1983-02-24,12044.8,SUL,2025-03-28 18:36:55
243,Olívia Vargas,60513879439,1977-06-01,8042.2,SUDESTE,2025-03-28 18:36:55
244,Larissa Fonseca,53198420741,1977-12-19,5497.02,NORTE,2025-03-28 18:36:55
245,Sra. Evelyn Caldeira,47196280369,1992-04-02,12245.89,SUDESTE,2025-03-28 18:36:55
246,Fernanda Cassiano,57083912602,2000-11-19,8148.93,CENTRO-OESTE,2025-03-28 18:36:55
247,Isabella Da Cunha,16807932502,1991-07-27,15765.79,CENTRO-OESTE,2025-03-28 18:36:55
248,Ana Sophia Ribeiro,24179680530,1973-02-26,5725.76,CENTRO-OESTE,2025-03-28 18:36:55
249,Enrico Da Cunha,7235691859,1993-09-25,3112.75,CENTRO-OESTE,2025-03-28 18:36:55
250,Vinicius Guerra,75416903848,1995-02-02,5819.96,NORDESTE,2025-03-28 18:36:55
251,Matheus Ramos,41539827097,1978-03-25,9904.55,NORDESTE,2025-03-28 18:36:55
252,José Rezende,37956802121,1989-11-21,15078.5,SUL,2025-03-28 18:36:55
253,Mateus Da Conceição,70326981403,1963-10-30,16633.02,NORTE,2025-03-28 18:36:55
254,Emanuelly Caldeira,85169320795,1981-08-09,13939.75,SUDESTE,2025-03-28 18:36:55
255,Cauê Sampaio,41397520680,1967-10-19,19281.28,SUDESTE,2025-03-28 18:36:55
256,Sophie Cavalcanti,52648017976,1999-08-21,6428.53,NORTE,2025-03-28 18:36:55
257,Rael Fernandes,30459681206,1959-11-28,5248.32,NORDESTE,2025-03-28 18:36:55
258,Davi Machado,2154986315,1997-03-18,1230.94,SUL,2025-03-28 18:36:55
259,Dante Sá,50613724844,1990-03-26,1820.04,SUL,2025-03-28 18:36:55
260,Rael Ferreira,63498720104,1971-07-02,1824.61,SUL,2025-03-28 18:36:55
261,Lara Da Luz,12367054916,1985-11-29,19866.33,SUL,2025-03-28 18:36:55
262,Thomas Silveira,21465730907,1986-06-22,5806.81,CENTRO-OESTE,2025-03-28 18:36:55
263,Sr. Danilo Almeida,28364509756,1970-07-31,19416.75,NORDESTE,2025-03-28 18:36:55
264,Kevin Fonseca,52431906752,1988-05-01,4158.09,NORTE,2025-03-28 18:36:55
265,Ana Lívia Sales,8965142342,1995-01-13,14219.23,NORTE,2025-03-28 18:36:55
266,Maria Helena Novaes,54238601998,1964-05-02,12923.6,CENTRO-OESTE,2025-03-28 18:36:55
267,Isabella Garcia,81273654080,1984-12-28,18122.0,NORTE,2025-03-28 18:36:55
268,Alice Abreu,70618325921,2002-01-11,18389.83,NORDESTE,2025-03-28 18:36:55
269,Ravi Lucca Campos,31850469270,1950-03-21,19057.82,SUDESTE,2025-03-28 18:36:55
270,Joaquim Moreira,5637281408,1992-09-23,3028.37,SUL,2025-03-28 18:36:55
271,Lívia Sousa,15463072906,1981-07-06,6270.24,SUDESTE,2025-03-28 18:36:55
272,Dante Da Cruz,90856732168,1970-03-09,13290.12,NORDESTE,2025-03-28 18:36:55
273,Hadassa Da Cunha,90426315707,1980-04-27,5358.5,SUDESTE,2025-03-28 18:36:55
274,Ester Azevedo,50761283986,1959-09-30,2476.96,NORTE,2025-03-28 18:36:55
275,Samuel Sales,50619874201,1996-10-01,5939.05,CENTRO-OESTE,2025-03-28 18:36:55
276,Kaique Da Mata,30486159701,1997-08-05,14265.07,NORTE,2025-03-28 18:36:55
277,Kaique Moreira,79230168440,2006-10-07,6315.51,SUL,2025-03-28 18:36:55
278,João Vitor Machado,18506397448,1983-05-08,16462.11,SUDESTE,2025-03-28 18:36:55
279,Thomas Alves,69734520199,1981-04-14,6148.2,SUL,2025-03-28 18:36:55
280,Nicole Sá,86593402729,1957-06-11,18307.62,SUL,2025-03-28 18:36:55
281,Calebe Abreu,81492706396,1984-01-23,18870.1,CENTRO-OESTE,2025-03-28 18:36:55
282,Ana Clara Andrade,15096743810,1976-01-08,14788.67,NORTE,2025-03-28 18:36:55
283,Pedro Vasconcelos,78195460267,1976-10-05,8946.62,NORDESTE,2025-03-28 18:36:55
284,Isaque Costela,29308167595,1964-12-31,11480.17,SUL,2025-03-28 18:36:55
285,Rebeca Fernandes,24309167896,1957-10-16,1500.97,NORTE,2025-03-28 18:36:55
286,Miguel Araújo,96310824589,1957-05-26,15774.44,NORDESTE,2025-03-28 18:36:55
287,Augusto Carvalho,40176925325,2004-08-14,19758.25,NORTE,2025-03-28 18:36:55
288,Diogo Silva,75963281059,2004-07-24,8158.04,NORDESTE,2025-03-28 18:36:55
289,Maya Aparecida,20397146850,1946-12-14,8236.93,CENTRO-OESTE,2025-03-28 18:36:55
290,Sr. Luan Rodrigues,71234856026,1951-03-27,17000.26,SUL,2025-03-28 18:36:55
291,Breno Rezende,25407638126,1993-08-30,2206.72,NORTE,2025-03-28 18:36:55
292,Nicole Campos,13406925898,1970-10-07,8881.57,NORTE,2025-03-28 18:36:55
293,Letícia Santos,4291536780,2002-12-30,1259.77,SUDESTE,2025-03-28 18:36:55
294,Yago Leão,28930416713,1965-05-24,16445.12,SUL,2025-03-28 18:36:55
295,Pedro Miguel Da Cruz,42531698051,1989-06-05,19936.1,SUL,2025-03-28 18:36:55
296,Murilo Andrade,98167042502,1985-04-09,12117.84,SUL,2025-03-28 18:36:55
297,Henrique Azevedo,7356218453,1982-02-15,18950.55,NORDESTE,2025-03-28 18:36:55
298,Mateus Macedo,17389504250,1945-12-03,8179.16,SUL,2025-03-28 18:36:55
299,Ana Beatriz Sampaio,69072843592,1968-03-16,9560.34,NORTE,2025-03-28 18:36:55
300,Ana Cavalcante,24956780176,1977-08-13,19126.97,SUL,2025-03-28 18:36:55
301,Lucas Campos,72951048360,1994-08-15,4937.33,NORTE,2025-03-28 18:36:55
302,Mirella Da Luz,17530248979,1962-11-14,13762.31,NORDESTE,2025-03-28 18:36:55
303,Miguel Campos,76038192530,1981-11-29,7805.09,NORDESTE,2025-03-28 18:36:55
304,Sophia Albuquerque,34210967599,1971-01-14,10465.14,CENTRO-OESTE,2025-03-28 18:36:55
305,Sofia Campos,79410285658,2004-07-31,10883.11,SUDESTE,2025-03-28 18:36:55
306,Maria Liz Souza,84129506315,1975-01-24,16511.33,SUDESTE,2025-03-28 18:36:55
307,Pietro Andrade,73814206517,1980-04-12,11657.82,CENTRO-OESTE,2025-03-28 18:36:55
308,Josué Montenegro,3981627512,1968-05-01,8666.17,SUL,2025-03-28 18:36:55
309,Dra. Cecília Pires,40365172952,1975-06-07,12785.88,NORDESTE,2025-03-28 18:36:55
310,Mariana Da Luz,94607381500,1971-09-26,16295.85,SUDESTE,2025-03-28 18:36:55
311,Theodoro Andrade,28375064190,1974-04-19,19628.79,NORDESTE,2025-03-28 18:36:55
312,Gael Henrique Da Paz,14257380950,1951-01-31,12208.44,CENTRO-OESTE,2025-03-28 18:36:55
313,Maria Eduarda Aparecida,13684702544,1991-10-12,2729.04,NORDESTE,2025-03-28 18:36:55
314,Clarice Macedo,8423596133,1996-04-16,7616.85,NORTE,2025-03-28 18:36:55
315,Luiz Miguel Viana,7586932140,1999-09-30,15889.41,SUDESTE,2025-03-28 18:36:55
316,Ana Lívia Da Rocha,61835492746,1974-02-01,6661.23,NORDESTE,2025-03-28 18:36:55
317,Dra. Maria Luiza Vasconcelos,3462918796,1999-05-15,17384.91,SUL,2025-03-28 18:36:55
318,Ágatha Moura,7358419693,1949-03-13,16132.96,NORDESTE,2025-03-28 18:36:55
319,Enzo Moraes,61532948042,2006-09-26,18605.16,NORDESTE,2025-03-28 18:36:55
320,Dra. Isabella Peixoto,87563192077,1963-03-11,15609.44,SUDESTE,2025-03-28 18:36:55
321,Luiz Miguel Da Costa,50819647276,1949-11-01,9723.58,NORDESTE,2025-03-28 18:36:55
322,Mariana Souza,43865921051,2001-04-15,12795.31,NORDESTE,2025-03-28 18:36:55
323,Nathan Pastor,84391275023,1989-10-03,7246.28,CENTRO-OESTE,2025-03-28 18:36:55
324,Raul Pimenta,46721590352,1993-11-04,12013.35,CENTRO-OESTE,2025-03-28 18:36:55
325,Bruna Siqueira,31502796406,1960-06-28,2441.4,NORTE,2025-03-28 18:36:55
326,Vinicius Aragão,76594283146,1944-04-21,9742.26,CENTRO-OESTE,2025-03-28 18:36:55
327,Arthur Gabriel Costa,53207189695,1947-12-10,3637.72,SUDESTE,2025-03-28 18:36:55
328,Enzo Da Luz,62081754967,1978-08-24,4455.72,NORTE,2025-03-28 18:36:55
329,Caroline Macedo,56314972043,1950-06-23,18038.98,CENTRO-OESTE,2025-03-28 18:36:55
330,André Monteiro,59284071658,1980-02-03,10789.49,NORDESTE,2025-03-28 18:36:55
331,Marcos Vinicius Ferreira,72816345955,1980-11-05,12436.77,CENTRO-OESTE,2025-03-28 18:36:55
332,Arthur Gabriel Da Rocha,80534621708,1950-08-26,1776.5,SUL,2025-03-28 18:36:55
333,Asafe Moura,53894726164,1953-08-04,7556.57,NORDESTE,2025-03-28 18:36:55
334,Ravi Lucca Fogaça,49187265001,1981-12-22,4363.2,SUL,2025-03-28 18:36:55
335,Anthony Gabriel Ribeiro,78614320507,1972-04-11,11425.59,SUL,2025-03-28 18:36:55
336,Dra. Natália Garcia,20364781904,1976-08-01,9754.8,NORDESTE,2025-03-28 18:36:55
337,Emilly Duarte,41392087597,1950-04-17,17990.13,NORTE,2025-03-28 18:36:55
338,Benicio Duarte,18764952355,1960-02-25,10564.93,SUL,2025-03-28 18:36:55
339,Oliver Da Cruz,61730594280,2005-06-14,7110.07,NORDESTE,2025-03-28 18:36:55
340,Ísis Da Luz,36450971207,2003-04-19,16188.8,NORTE,2025-03-28 18:36:55
341,Isabelly Leão,8263751977,1996-05-26,14067.91,CENTRO-OESTE,2025-03-28 18:36:55
342,Dra. Amanda Jesus,67983215428,2001-04-13,18496.58,SUL,2025-03-28 18:36:55
343,Emanuelly Pastor,67041932869,2002-10-20,1049.31,SUDESTE,2025-03-28 18:36:55
344,Matteo Silveira,95701634884,1977-11-19,16317.82,NORTE,2025-03-28 18:36:55
345,Luna Costa,24609158370,1956-01-21,12348.28,SUDESTE,2025-03-28 18:36:55
346,Pedro Henrique Nogueira,37261049840,1956-02-13,4977.64,NORDESTE,2025-03-28 18:36:55
347,Gael Henrique Vargas,90315284714,1965-04-16,15439.15,NORDESTE,2025-03-28 18:36:55
348,Srta. Emanuella Siqueira,93762851409,1970-07-21,15201.95,CENTRO-OESTE,2025-03-28 18:36:55
349,Bruno Pimenta,3694127887,2002-05-01,5796.3,CENTRO-OESTE,2025-03-28 18:36:55
350,Clarice Sousa,14382690722,1959-08-03,18008.93,CENTRO-OESTE,2025-03-28 18:36:55
351,João Guilherme Mendonça,71493625837,1980-03-11,11110.16,SUL,2025-03-28 18:36:55
352,Srta. Maya Costa,32740169507,1984-05-04,17477.08,CENTRO-OESTE,2025-03-28 18:36:55
353,Kevin Lima,20968574149,1959-02-23,8546.11,NORTE,2025-03-28 18:36:55
354,Caroline Vargas,10596832451,1952-07-14,15010.7,SUDESTE,2025-03-28 18:36:55
355,Isabela Barros,68309427131,1958-10-17,1381.35,NORTE,2025-03-28 18:36:55
356,Dr. Miguel Farias,41382906560,1979-06-29,16973.49,NORDESTE,2025-03-28 18:36:55
357,Liz Ferreira,58942107397,1986-05-30,11171.38,NORTE,2025-03-28 18:36:55
358,Camila Da Rosa,41893052605,1980-03-14,17920.02,SUDESTE,2025-03-28 18:36:55
359,Luan Cirino,63418975020,1949-02-10,10005.43,NORDESTE,2025-03-28 18:36:55
360,Sra. Ana Lívia Da Luz,87953610221,1999-08-04,15994.25,SUL,2025-03-28 18:36:55
361,Alícia Cunha,38021675462,1955-03-08,10112.06,SUDESTE,2025-03-28 18:36:55
362,Stella Pinto,5948231704,1972-02-07,11205.02,NORDESTE,2025-03-28 18:36:55
363,Dra. Isadora Ribeiro,97108526476,2005-05-19,11597.1,NORTE,2025-03-28 18:36:55
364,Maria Helena Ramos,76032548171,1967-03-12,11724.71,NORDESTE,2025-03-28 18:36:55
365,Aurora Sá,83265149005,1979-02-06,6391.74,SUDESTE,2025-03-28 18:36:55
366,Dom Brito,89731065466,1994-09-12,13272.43,NORDESTE,2025-03-28 18:36:55
367,Caio Ramos,76259418337,1964-08-04,5642.71,CENTRO-OESTE,2025-03-28 18:36:55
368,Ágatha Sales,57308649148,1991-09-19,19743.79,SUL,2025-03-28 18:36:55
369,Luara Rocha,71024389588,1950-09-06,18740.14,SUL,2025-03-28 18:36:55
370,Diogo Aragão,69502713443,1993-02-25,2933.87,SUDESTE,2025-03-28 18:36:55
371,Pietro Pereira,38017624913,1955-08-12,17165.53,NORTE,2025-03-28 18:36:55
372,Maria Laura Monteiro,58407291323,1970-03-12,2524.44,CENTRO-OESTE,2025-03-28 18:36:55
373,Vicente Oliveira,49712035670,1957-05-13,1346.61,SUL,2025-03-28 18:36:55
374,Aurora Casa Grande,90651248701,1982-05-16,19665.19,NORDESTE,2025-03-28 18:36:55
375,Dr. Guilherme Cardoso,65978012377,1956-09-16,11943.97,CENTRO-OESTE,2025-03-28 18:36:55
376,Emanuel Teixeira,27945308104,1975-05-13,17444.64,NORTE,2025-03-28 18:36:55
377,Rafaela Sales,38075269438,1958-05-15,10324.23,CENTRO-OESTE,2025-03-28 18:36:55
378,Carlos Eduardo Correia,81537469010,1976-03-17,16596.37,NORDESTE,2025-03-28 18:36:55
379,Ana Montenegro,97614082567,1988-06-02,11578.49,NORDESTE,2025-03-28 18:36:55
380,Sr. Lucca Da Rocha,70692815449,1961-09-23,6319.6,SUDESTE,2025-03-28 18:36:55
381,Aylla Moura,49130265770,1978-11-01,4896.47,NORDESTE,2025-03-28 18:36:55
382,Theo Pacheco,94386520783,1958-02-01,7149.91,CENTRO-OESTE,2025-03-28 18:36:55
383,Enzo Silva,56038241906,1994-09-20,4790.63,SUDESTE,2025-03-28 18:36:55
384,Maria Fernanda Pimenta,24986703510,1989-10-06,5605.78,NORTE,2025-03-28 18:36:55
385,Ravi Guerra,4835972600,1951-11-27,12601.78,SUL,2025-03-28 18:36:55
386,Paulo Cavalcante,98251047676,1982-07-09,10615.98,SUDESTE,2025-03-28 18:36:55
387,Davi Luiz Silveira,41576239080,1976-12-02,7092.2,CENTRO-OESTE,2025-03-28 18:36:55
388,Sr. João Guilherme Da Conceição,75940682111,1962-06-23,1984.65,NORDESTE,2025-03-28 18:36:55
389,Dr. Anthony Dias,9345128760,1963-02-23,9631.09,SUL,2025-03-28 18:36:55
390,Ester Machado,70352849665,2005-04-11,2204.12,SUDESTE,2025-03-28 18:36:55
391,Sra. Bárbara Cunha,74093681520,1960-12-08,4832.88,NORDESTE,2025-03-28 18:36:55
392,Amanda Azevedo,39057826429,1981-11-16,2669.49,SUL,2025-03-28 18:36:55
393,Maria Helena Machado,70698153286,2002-02-25,1051.51,NORTE,2025-03-28 18:36:55
394,João Vitor Sales,69485102720,1952-10-10,12317.14,CENTRO-OESTE,2025-03-28 18:36:55
395,Kamilly Moreira,93670521895,1966-04-07,7628.5,NORTE,2025-03-28 18:36:55
396,Carlos Eduardo Mendes,70964358247,1965-05-10,17163.82,SUDESTE,2025-03-28 18:36:55
397,Guilherme Nogueira,19047856201,1984-12-26,19335.51,SUL,2025-03-28 18:36:55
398,Dr. João Vitor Da Luz,9862314524,1997-04-17,14886.48,NORTE,2025-03-28 18:36:55
399,Emanuel Aparecida,91274805341,1978-02-16,4895.03,CENTRO-OESTE,2025-03-28 18:36:55
400,Henry Das Neves,15703249805,2005-03-06,2263.43,SUDESTE,2025-03-28 18:36:55
401,Rael Rezende,48503217988,2006-05-20,16994.75,CENTRO-OESTE,2025-03-28 18:36:55
402,Juliana Da Costa,13482075662,1954-01-12,16110.08,SUDESTE,2025-03-28 18:36:55
403,Ana Carolina Jesus,63402817535,2003-08-24,4109.46,SUL,2025-03-28 18:36:55
404,Isabel Pacheco,56178493010,1970-05-28,4541.69,CENTRO-OESTE,2025-03-28 18:36:55
405,Ana Beatriz Porto,5417293814,2000-10-25,13638.75,NORDESTE,2025-03-28 18:36:55
406,Dra. Maria Nunes,16257984319,1952-11-16,18249.46,NORTE,2025-03-28 18:36:55
407,Lavínia Câmara,23601784580,1987-03-23,17666.81,NORTE,2025-03-28 18:36:55
408,Ravi Correia,69275310840,1993-07-07,13976.66,CENTRO-OESTE,2025-03-28 18:36:55
409,Dr. Ravi Lucca Mendes,95673021461,1957-07-16,12857.93,NORTE,2025-03-28 18:36:55
410,Ana Sampaio,2713689422,1989-01-28,15204.58,NORTE,2025-03-28 18:36:55
411,Benício Cavalcanti,51367029821,1962-06-17,5412.04,NORTE,2025-03-28 18:36:55
412,Dra. Sabrina Araújo,32570968447,1963-08-17,8438.16,NORDESTE,2025-03-28 18:36:55
413,Manuela Nascimento,85023679195,1996-06-05,11327.5,CENTRO-OESTE,2025-03-28 18:36:55
414,José Miguel Rocha,8392561759,1991-12-14,11314.14,CENTRO-OESTE,2025-03-28 18:36:55
415,Pietro Guerra,45618702371,2005-07-22,12926.45,NORDESTE,2025-03-28 18:36:55
416,Isabelly Caldeira,81095346270,1999-10-07,3646.17,SUL,2025-03-28 18:36:55
417,Julia Martins,6315298451,1996-12-31,10413.05,CENTRO-OESTE,2025-03-28 18:36:55
418,Davi Lucas Borges,56279304116,1982-01-20,15983.35,NORTE,2025-03-28 18:36:55
419,Rafael Correia,7139468575,1984-06-27,6922.72,SUL,2025-03-28 18:36:55
420,Bryan Melo,49678532182,1997-09-16,15792.87,NORTE,2025-03-28 18:36:55
421,Ana Luiza Fonseca,35712986400,1997-10-23,1637.12,NORDESTE,2025-03-28 18:36:55
422,Aurora Pires,94302758600,1961-10-20,15486.72,CENTRO-OESTE,2025-03-28 18:36:55
423,Sra. Giovanna Abreu,13407865910,1989-04-28,15338.07,SUL,2025-03-28 18:36:55
424,Alana Carvalho,8325914670,1963-04-07,3102.0,SUDESTE,2025-03-28 18:36:55
425,Maria Ramos,18792064396,1956-10-21,9683.0,SUDESTE,2025-03-28 18:36:55
426,Anthony Gabriel Almeida,52437890629,1949-12-15,8548.46,SUL,2025-03-28 18:36:55
427,Alexandre Sá,61382954042,1988-04-08,11257.35,SUL,2025-03-28 18:36:55
428,Alice Duarte,93864027500,1996-01-23,5355.78,SUDESTE,2025-03-28 18:36:55
429,João Miguel Das Neves,68930451748,1974-12-17,15665.76,CENTRO-OESTE,2025-03-28 18:36:55
430,Anthony Campos,29836504729,1992-03-29,13181.81,CENTRO-OESTE,2025-03-28 18:36:55
431,Maria Júlia Cassiano,61382409796,1996-09-09,11744.66,NORDESTE,2025-03-28 18:36:55
432,Isadora Correia,94051287602,1984-09-03,5784.18,SUL,2025-03-28 18:36:55
433,Caio Guerra,85042791620,1993-06-11,16709.18,NORDESTE,2025-03-28 18:36:55
434,Murilo Aparecida,50867312912,1973-09-16,7507.96,NORDESTE,2025-03-28 18:36:55
435,Ana Luiza Nascimento,31825640998,1972-12-02,18998.38,SUDESTE,2025-03-28 18:36:55
436,Sara Azevedo,4581976294,1996-10-27,18325.2,NORDESTE,2025-03-28 18:36:55
437,Sra. Natália Peixoto,98475306101,1994-04-14,12617.63,SUDESTE,2025-03-28 18:36:55
438,Davi Miguel Lopes,62947530152,1967-08-26,12266.3,SUDESTE,2025-03-28 18:36:55
439,Pietra Cassiano,85710692476,1964-04-01,11737.53,SUDESTE,2025-03-28 18:36:55
440,Dr. Juan Mendes,8952437683,2003-04-18,16011.61,SUL,2025-03-28 18:36:55
441,Ágatha Pimenta,28401597323,1991-12-06,14437.53,NORDESTE,2025-03-28 18:36:55
442,Cecilia Fonseca,95207831488,1953-07-14,15653.69,NORDESTE,2025-03-28 18:36:55
443,Dr. Caleb Nogueira,29345708600,1964-02-19,2309.51,CENTRO-OESTE,2025-03-28 18:36:55
444,Isabelly Pastor,97502386483,1945-03-20,14992.44,NORTE,2025-03-28 18:36:55
445,Enzo Gabriel Teixeira,36519078484,1957-01-04,18585.8,NORTE,2025-03-28 18:36:55
446,Ísis Cirino,93782461096,1982-11-15,3151.52,SUL,2025-03-28 18:36:55
447,Maysa Aragão,60189237422,2004-01-15,4144.89,SUDESTE,2025-03-28 18:36:55
448,Pietra Barbosa,87542630938,1988-03-03,3368.59,NORTE,2025-03-28 18:36:55
449,Théo Jesus,34250196780,1965-10-19,7310.78,CENTRO-OESTE,2025-03-28 18:36:55
450,João Vitor Abreu,51946207802,1969-07-24,12234.23,SUL,2025-03-28 18:36:55
451,Ian Machado,69241075325,1959-12-06,8206.81,SUL,2025-03-28 18:36:55
452,Beatriz Casa Grande,39728406592,1992-03-09,7368.75,SUDESTE,2025-03-28 18:36:55
453,Ana Lívia Gonçalves,83905476193,1970-11-23,15968.01,NORDESTE,2025-03-28 18:36:55
454,Valentim Pastor,89624531773,1962-03-10,7336.48,SUDESTE,2025-03-28 18:36:55
455,Valentim Albuquerque,74953018648,1985-08-09,11210.52,CENTRO-OESTE,2025-03-28 18:36:55
456,Maysa Da Mata,40831956739,1984-09-16,18536.24,NORDESTE,2025-03-28 18:36:55
457,Luara Rodrigues,46298730150,1968-08-23,10135.9,CENTRO-OESTE,2025-03-28 18:36:55
458,Laura Cardoso,12580497676,1987-09-02,9592.14,CENTRO-OESTE,2025-03-28 18:36:55
459,Samuel Da Rosa,78910245379,2001-12-29,1624.09,CENTRO-OESTE,2025-03-28 18:36:55
460,Marcela Da Paz,93546820738,1995-08-31,3676.28,NORTE,2025-03-28 18:36:55
461,Diego Brito,94806327131,1963-07-05,10468.99,SUL,2025-03-28 18:36:55
462,Igor Cassiano,13067598202,1960-02-29,18382.07,NORTE,2025-03-28 18:36:55
463,Sr. Alexandre Fogaça,57901362499,1948-02-02,15829.42,CENTRO-OESTE,2025-03-28 18:36:55
464,Ester Rios,28319745004,1988-01-30,13013.02,SUDESTE,2025-03-28 18:36:55
465,Dra. Alícia Mendes,15493270897,1984-08-14,5040.93,NORTE,2025-03-28 18:36:55
466,Augusto Cavalcante,18203765912,1964-12-19,4382.68,SUDESTE,2025-03-28 18:36:55
467,Laura Vargas,75681423964,2000-10-08,9720.79,SUDESTE,2025-03-28 18:36:55
468,Antony Nascimento,38015649242,1989-03-10,8877.86,SUDESTE,2025-03-28 18:36:55
469,Stella Novaes,80934671575,1967-02-22,11166.32,NORTE,2025-03-28 18:36:55
470,Sr. Theodoro Câmara,34827160996,1989-05-16,6692.32,SUL,2025-03-28 18:36:55
471,Thomas Porto,56429170802,1944-04-17,8549.04,CENTRO-OESTE,2025-03-28 18:36:55
472,Sra. Ana Beatriz Sá,21504683951,1982-07-03,4988.21,CENTRO-OESTE,2025-03-28 18:36:55
473,Theo Monteiro,28570694130,2001-10-24,7638.35,SUL,2025-03-28 18:36:55
474,Emanuelly Costa,4916358775,1980-12-21,12874.54,SUL,2025-03-28 18:36:55
475,Lorena Moura,24078691331,1947-06-03,9969.27,CENTRO-OESTE,2025-03-28 18:36:55
476,Oliver Sousa,76491308278,1990-07-14,2248.46,CENTRO-OESTE,2025-03-28 18:36:55
477,Maria Fernanda Oliveira,56738240171,1957-06-27,9612.49,NORDESTE,2025-03-28 18:36:55
478,Ana Luiza Moreira,48203591779,1981-04-27,11154.66,NORTE,2025-03-28 18:36:55
479,Yago Silveira,24093758638,1988-03-24,8614.5,CENTRO-OESTE,2025-03-28 18:36:55
480,Alana Dias,15304796225,1996-06-18,3949.56,NORTE,2025-03-28 18:36:55
481,Dra. Bruna Barbosa,79240681558,1945-08-31,7352.89,CENTRO-OESTE,2025-03-28 18:36:55
482,Dr. Anthony Gabriel Gonçalves,41529603889,1946-10-01,8092.88,NORDESTE,2025-03-28 18:36:55
483,Larissa Albuquerque,16534078244,1969-08-13,18051.18,NORDESTE,2025-03-28 18:36:55
484,Gabriela Alves,68431259051,1957-11-03,8765.95,SUDESTE,2025-03-28 18:36:55
485,Luiz Miguel Castro,16948370500,1958-06-16,16955.99,SUL,2025-03-28 18:36:55
486,Sr. Lucas Gabriel Costela,13986072586,2006-12-13,8751.71,NORTE,2025-03-28 18:36:55
487,Dra. Maya Abreu,79245308600,1958-12-26,5217.47,CENTRO-OESTE,2025-03-28 18:36:55
488,Dra. Lara Peixoto,7634512907,1989-04-05,10604.65,NORTE,2025-03-28 18:36:55
489,Isadora Azevedo,62013549806,1956-05-15,16198.41,CENTRO-OESTE,2025-03-28 18:36:55
490,Rafaela Rezende,12543679855,1988-01-01,17861.75,SUDESTE,2025-03-28 18:36:55
491,Dr. Eduardo Pinto,75186493066,1980-11-12,5525.47,NORDESTE,2025-03-28 18:36:55
492,Kevin Barros,17280645380,1970-08-19,16300.98,CENTRO-OESTE,2025-03-28 18:36:55
493,João Lucas Rodrigues,6318724931,1993-08-18,19290.34,SUDESTE,2025-03-28 18:36:55
494,Julia Rezende,3219456707,1959-01-19,13693.62,SUL,2025-03-28 18:36:55
495,Beatriz Castro,89642730529,1960-10-06,8721.45,NORDESTE,2025-03-28 18:36:55
496,Lorenzo Costa,71908256494,1997-02-08,1247.04,NORTE,2025-03-28 18:36:55
497,Diego Sales,56102397886,1966-07-28,4949.84,CENTRO-OESTE,2025-03-28 18:36:55
498,Levi Montenegro,87349210604,1979-10-16,3332.76,CENTRO-OESTE,2025-03-28 18:36:55
499,Sophie Borges,56704981276,1947-09-28,12077.79,SUDESTE,2025-03-28 18:36:55
500,Ryan Cavalcante,16837529455,1946-07-24,14374.98,NORTE,2025-03-28 18:36:55
501,Isabela Sampaio,26457319882,1969-05-04,16531.43,SUDESTE,2025-03-28 18:36:55
502,Pedro Henrique Fogaça,10325678995,1945-01-20,7381.45,NORDESTE,2025-03-28 18:36:55
503,Rael Da Rosa,9654327180,1998-01-07,7898.13,SUDESTE,2025-03-28 18:36:55
504,Caio Pires,80193274523,1949-06-08,16782.44,SUL,2025-03-28 18:36:55
505,Cauê Machado,51870362462,1999-10-27,8778.82,NORTE,2025-03-28 18:36:55
506,Hellena Cavalcante,12503974805,1958-02-28,9286.4,SUDESTE,2025-03-28 18:36:55
507,Nicolas Garcia,56184207326,1956-10-12,5170.7,NORDESTE,2025-03-28 18:36:55
508,Maria Fernanda Azevedo,31926854098,1958-04-28,15508.51,NORTE,2025-03-28 18:36:55
509,Isabela Costela,95872463065,1994-04-05,17500.89,CENTRO-OESTE,2025-03-28 18:36:55
510,Sra. Ester Da Cunha,60428135790,1980-04-04,17996.49,NORTE,2025-03-28 18:36:55
511,Noah Araújo,61857093410,1962-02-26,10210.79,NORTE,2025-03-28 18:36:55
512,Enrico Pereira,75903128432,1992-08-29,6104.87,NORDESTE,2025-03-28 18:36:55
513,Lavínia Pereira,37561984219,1978-01-10,13036.09,NORTE,2025-03-28 18:36:55
514,Larissa Sales,14768590357,1965-04-13,3647.77,CENTRO-OESTE,2025-03-28 18:36:55
515,Vicente Ramos,93456287038,1945-01-05,9012.37,NORDESTE,2025-03-28 18:36:55
516,Dante Castro,26017958402,1968-03-15,10988.11,SUL,2025-03-28 18:36:55
517,Lucas Gabriel Ferreira,12458307671,1994-11-22,14133.22,SUL,2025-03-28 18:36:55
518,Sra. Heloisa Azevedo,46375092892,1955-02-25,1349.42,NORDESTE,2025-03-28 18:36:55
519,Ana Liz Dias,16285049351,1951-12-27,11063.57,NORDESTE,2025-03-28 18:36:55
520,Thomas Cunha,63427981509,1989-08-17,11953.81,NORDESTE,2025-03-28 18:36:55
521,Sara Melo,67958412355,1962-05-26,11529.38,NORTE,2025-03-28 18:36:55
522,Bianca Montenegro,41895327032,1974-04-04,10451.83,SUDESTE,2025-03-28 18:36:55
523,Larissa Fonseca,15203469725,1973-06-19,4922.0,NORDESTE,2025-03-28 18:36:55
524,Valentim Rezende,1367289440,1991-10-27,3660.35,CENTRO-OESTE,2025-03-28 18:36:55
525,Ana Lívia Gomes,17546038901,1956-11-09,18100.35,CENTRO-OESTE,2025-03-28 18:36:55
526,Benjamin Viana,20386145717,2003-09-22,12350.85,SUDESTE,2025-03-28 18:36:55
527,Leonardo Da Rocha,85094762176,1945-04-18,13028.86,SUL,2025-03-28 18:36:55
528,Stella Pereira,31658794001,2006-03-02,4332.05,SUL,2025-03-28 18:36:55
529,Maria Luiza Da Mata,12940685398,1980-03-20,16924.03,SUL,2025-03-28 18:36:55
530,Sra. Maria Luiza Leão,45608317939,1945-07-17,8279.63,NORDESTE,2025-03-28 18:36:55
531,Davi Miguel Almeida,83417560993,1982-05-04,9018.69,NORDESTE,2025-03-28 18:36:55
532,Dante Rezende,28153964089,1980-10-30,4159.38,CENTRO-OESTE,2025-03-28 18:36:55
533,Rodrigo Moura,61580739202,1976-11-15,4503.05,SUL,2025-03-28 18:36:55
534,João Oliveira,43170265970,2001-01-04,12459.89,NORDESTE,2025-03-28 18:36:55
535,Hellena Da Costa,57243106943,1981-08-04,2296.74,CENTRO-OESTE,2025-03-28 18:36:55
536,Melina Pinto,38296150433,1983-02-28,6485.18,SUDESTE,2025-03-28 18:36:55
537,Dra. Ana Lívia Jesus,79125460307,1982-09-03,14661.87,CENTRO-OESTE,2025-03-28 18:36:55
538,Sra. Ana Vitória Farias,69481032787,1963-12-23,19036.83,SUL,2025-03-28 18:36:55
539,Renan Borges,74605391800,1966-02-27,10191.34,NORDESTE,2025-03-28 18:36:55
540,Murilo Da Cunha,64381709250,1951-06-30,1592.48,SUDESTE,2025-03-28 18:36:55
541,Lavínia Novais,48092157685,1978-02-22,4078.26,SUDESTE,2025-03-28 18:36:55
542,Vinícius Carvalho,85743192600,1951-10-04,1977.09,CENTRO-OESTE,2025-03-28 18:36:55
543,Valentina Peixoto,14293856773,1963-04-12,12340.01,NORDESTE,2025-03-28 18:36:55
544,Alexia Machado,38956204756,1949-02-24,12843.32,NORDESTE,2025-03-28 18:36:55
545,Mariah Cavalcanti,78230695474,1987-12-12,3025.37,NORTE,2025-03-28 18:36:55
546,Sr. Isaque Martins,8673592186,1975-08-03,7679.26,NORTE,2025-03-28 18:36:55
547,Sra. Yasmin Sampaio,42890653765,1944-10-22,10414.34,CENTRO-OESTE,2025-03-28 18:36:55
548,Théo Da Paz,76184059211,1967-01-17,12367.44,NORTE,2025-03-28 18:36:55
549,João Guilherme Melo,49026531761,1963-01-08,5681.64,CENTRO-OESTE,2025-03-28 18:36:55
550,Enrico Costa,74326108940,1956-07-20,2477.54,SUDESTE,2025-03-28 18:36:55
551,Ana Cecília Santos,76358104217,1944-08-11,14199.23,NORDESTE,2025-03-28 18:36:55
552,Diego Costa,86097251386,1946-12-23,2958.78,SUL,2025-03-28 18:36:55
553,Dr. Samuel Silveira,21870945379,2004-11-14,2740.06,CENTRO-OESTE,2025-03-28 18:36:55
554,Melissa Almeida,89561023415,1961-11-29,19279.88,NORTE,2025-03-28 18:36:55
555,Henry Da Rosa,56314790280,1994-10-28,19054.51,NORTE,2025-03-28 18:36:55
556,Breno Rios,43265087956,1968-08-20,4517.53,CENTRO-OESTE,2025-03-28 18:36:55
557,Henry Cardoso,16208597420,1981-09-01,14912.27,SUL,2025-03-28 18:36:55
558,Anthony Gomes,83540712607,2007-01-30,15421.68,SUL,2025-03-28 18:36:55
559,Dr. Antony Castro,7962185449,2002-10-09,14153.25,NORTE,2025-03-28 18:36:55
560,Mathias Da Conceição,40378125680,1957-12-17,18163.91,SUDESTE,2025-03-28 18:36:55
561,Mariana Campos,95130874684,1976-12-17,5202.98,NORDESTE,2025-03-28 18:36:55
562,Melina Novais,12496857020,1978-10-26,1980.32,NORDESTE,2025-03-28 18:36:55
563,Leandro Cassiano,3691287530,1973-01-07,1749.11,NORDESTE,2025-03-28 18:36:55
564,Nicole Castro,67351820902,2002-11-05,12177.01,NORTE,2025-03-28 18:36:55
565,Igor Macedo,43695012889,1972-09-02,4430.93,SUL,2025-03-28 18:36:55
566,Anna Liz Sales,5319276877,1975-02-11,9990.99,SUL,2025-03-28 18:36:55
567,Esther Carvalho,59076412316,1977-02-26,14889.45,CENTRO-OESTE,2025-03-28 18:36:55
568,Ana Beatriz Rocha,47260319534,1952-06-16,18563.53,NORDESTE,2025-03-28 18:36:55
569,Agatha Machado,13608925759,1989-09-12,9013.49,SUL,2025-03-28 18:36:55
570,Maria Vitória Barbosa,35109684766,1957-02-25,10010.07,SUDESTE,2025-03-28 18:36:55
571,Davi Lucca Martins,14987206501,1983-05-23,17046.44,NORDESTE,2025-03-28 18:36:55
572,Vitória Nascimento,24960573180,1997-02-27,10926.26,NORTE,2025-03-28 18:36:55
573,Lunna Jesus,78649320538,1992-05-02,13353.18,CENTRO-OESTE,2025-03-28 18:36:55
574,Mariana Carvalho,38401965233,1985-07-28,11652.87,SUL,2025-03-28 18:36:55
575,Otto Macedo,90178243523,1983-03-15,2462.11,SUL,2025-03-28 18:36:55
576,Maria Sophia Lopes,7896214369,1946-10-26,11075.04,NORDESTE,2025-03-28 18:36:55
577,Milena Leão,62359140752,1990-08-28,14770.57,SUDESTE,2025-03-28 18:36:55
578,Luísa Pacheco,58963701212,1999-02-16,11876.13,NORTE,2025-03-28 18:36:55
579,Sr. Henry Gabriel Araújo,45179682002,2006-11-13,11229.63,NORTE,2025-03-28 18:36:55
580,Davi Miguel Novais,40173286526,1964-10-08,15019.26,NORTE,2025-03-28 18:36:55
581,Sr. Apollo Martins,46283095151,1968-05-08,17833.58,NORDESTE,2025-03-28 18:36:55
582,Maria Júlia Da Rocha,58130927659,1965-01-05,17656.64,NORDESTE,2025-03-28 18:36:55
583,Srta. Maya Jesus,71345926006,1966-03-29,1463.61,NORDESTE,2025-03-28 18:36:55
584,Gabriela Barros,78291563446,1998-11-18,19816.48,CENTRO-OESTE,2025-03-28 18:36:55
585,Felipe Porto,6172358995,1958-01-24,17619.33,SUL,2025-03-28 18:36:55
586,Juliana Machado,51084369206,1962-10-04,8295.31,CENTRO-OESTE,2025-03-28 18:36:55
587,Sr. Rhavi Monteiro,26105983433,1960-02-08,2330.56,SUDESTE,2025-03-28 18:36:55
588,Luara Almeida,58946173084,1971-03-30,2000.99,NORTE,2025-03-28 18:36:55
589,Sra. Maria Clara Pacheco,89306541775,1985-04-22,8636.69,SUL,2025-03-28 18:36:55
590,João Jesus,93852017432,1978-08-04,10115.85,SUDESTE,2025-03-28 18:36:55
591,Sophia Ramos,63509147839,1946-01-14,19697.59,NORDESTE,2025-03-28 18:36:55
592,Gael Farias,98123745664,1987-03-14,2742.29,SUDESTE,2025-03-28 18:36:55
593,Bento Nascimento,49031285714,1948-09-06,15014.06,NORTE,2025-03-28 18:36:55
594,Luana Barbosa,80597214611,2005-04-21,3099.01,NORDESTE,2025-03-28 18:36:55
595,Cecília Martins,59632047125,1949-03-05,6629.85,SUL,2025-03-28 18:36:55
596,Ágatha Aparecida,89746512030,2001-09-09,1799.77,NORTE,2025-03-28 18:36:55
597,Vinícius Jesus,61847502326,1980-01-22,18296.44,NORTE,2025-03-28 18:36:55
598,Melissa Aparecida,49238576092,2002-02-11,3079.88,NORTE,2025-03-28 18:36:55
599,Enzo Sampaio,10854263942,1964-07-19,13913.3,SUDESTE,2025-03-28 18:36:55
600,Matteo Santos,93650741857,1974-05-06,19171.9,SUL,2025-03-28 18:36:55
601,Vitor Da Conceição,35491620734,1967-12-13,15940.56,CENTRO-OESTE,2025-03-28 18:36:55
602,Otto Campos,95634728029,1963-06-01,12182.53,CENTRO-OESTE,2025-03-28 18:36:55
603,Théo Silveira,54329076152,1976-01-30,18170.76,NORDESTE,2025-03-28 18:36:55
604,Sra. Emanuelly Costela,23450896792,1990-04-26,4173.64,SUDESTE,2025-03-28 18:36:55
605,Rodrigo Pereira,76418092511,1995-01-30,2234.74,SUDESTE,2025-03-28 18:36:55
606,Ana Luiza Teixeira,87694230169,1959-11-24,16918.69,SUL,2025-03-28 18:36:55
607,Julia Albuquerque,10372648940,1948-07-29,16782.21,NORDESTE,2025-03-28 18:36:55
608,Ayla Da Mata,78264391591,1958-10-16,1891.96,NORTE,2025-03-28 18:36:55
609,Cauê Pereira,34597810684,1983-09-23,5189.24,NORTE,2025-03-28 18:36:55
610,Emilly Camargo,7621598476,1956-06-17,19188.13,SUL,2025-03-28 18:36:55
611,Sr. Breno Rodrigues,89573264137,1968-04-27,2099.01,NORTE,2025-03-28 18:36:55
612,Agatha Albuquerque,95013268702,1953-02-08,10846.95,SUDESTE,2025-03-28 18:36:55
613,Maria Liz Duarte,28947351032,1986-11-12,19903.25,SUL,2025-03-28 18:36:55
614,Daniel Ramos,36450798238,1964-02-07,5944.43,CENTRO-OESTE,2025-03-28 18:36:55
615,Bruna Costela,64301589775,1958-08-07,15406.53,NORTE,2025-03-28 18:36:55
616,Elisa Viana,19630854775,1994-06-03,3924.02,CENTRO-OESTE,2025-03-28 18:36:55
617,Pedro Miguel Gonçalves,38105694700,1956-02-02,5264.37,SUL,2025-03-28 18:36:55
618,Sra. Luana Da Conceição,2578164371,2001-08-16,11202.51,NORTE,2025-03-28 18:36:55
619,Caroline Rezende,63481205708,1990-11-15,18003.51,SUL,2025-03-28 18:36:55
620,Isabela Siqueira,7654283180,1975-12-27,2738.25,NORTE,2025-03-28 18:36:55
621,Bella Rodrigues,71083295497,2006-11-19,8432.23,CENTRO-OESTE,2025-03-28 18:36:55
622,Ísis Araújo,93261478519,1975-09-23,3460.78,NORTE,2025-03-28 18:36:55
623,Maria Júlia Castro,70239864565,1994-08-14,1843.16,NORDESTE,2025-03-28 18:36:55
624,Arthur Gabriel Barros,80354926160,1990-10-20,17380.42,NORTE,2025-03-28 18:36:55
625,Elisa Lima,90673548139,1949-03-01,7251.98,NORTE,2025-03-28 18:36:55
626,João Gabriel Guerra,14769508301,2002-06-10,11466.29,CENTRO-OESTE,2025-03-28 18:36:55
627,Yago Novaes,29457306856,1964-02-25,6346.43,SUDESTE,2025-03-28 18:36:55
628,Stella Machado,76305421862,2002-03-30,8081.08,CENTRO-OESTE,2025-03-28 18:36:55
629,Eduarda Souza,49285107397,1990-10-12,14744.98,NORDESTE,2025-03-28 18:36:55
630,Ana Lívia Fogaça,23918056759,1946-12-12,11119.45,SUL,2025-03-28 18:36:55
631,Aurora Moura,59178623030,1962-03-28,5183.48,SUL,2025-03-28 18:36:55
632,Isabel Moreira,4782136544,2006-08-10,17995.12,SUL,2025-03-28 18:36:55
633,Bárbara Pastor,39584201760,1949-06-05,17172.93,SUL,2025-03-28 18:36:55
634,Antonella Nogueira,74639285191,1970-02-04,10131.14,SUL,2025-03-28 18:36:55
635,Heloisa Silveira,90125463898,1950-05-21,18223.76,CENTRO-OESTE,2025-03-28 18:36:55
636,Melina Moreira,56417908267,1971-08-28,7608.37,NORDESTE,2025-03-28 18:36:55
637,Dr. Samuel Cirino,43792108631,1977-01-07,11331.8,SUL,2025-03-28 18:36:55
638,Leonardo Da Luz,80645231762,1947-12-22,6073.54,CENTRO-OESTE,2025-03-28 18:36:55
639,Melissa Cavalcanti,65832917030,1986-09-30,17495.06,SUDESTE,2025-03-28 18:36:55
640,João Pedro Da Luz,46350721934,1999-11-15,17161.05,CENTRO-OESTE,2025-03-28 18:36:55
641,Gael Jesus,23546708938,1987-09-07,4047.6,SUL,2025-03-28 18:36:55
642,Luiz Miguel Vieira,38094621524,2004-10-18,16903.25,NORTE,2025-03-28 18:36:55
643,Emanuel Cirino,30798642122,1991-04-23,18671.72,SUDESTE,2025-03-28 18:36:55
644,Dra. Maria Cecília Ramos,76532410853,1978-12-24,12753.62,SUDESTE,2025-03-28 18:36:55
645,Luiz Otávio Sampaio,68571249300,1978-08-12,4013.5,CENTRO-OESTE,2025-03-28 18:36:55
646,Theo Da Luz,76318249087,1993-01-27,19264.99,NORTE,2025-03-28 18:36:55
647,João Felipe Moreira,27056149316,1948-04-01,1555.7,NORDESTE,2025-03-28 18:36:55
648,Leonardo Santos,90358176212,1996-11-07,3448.53,CENTRO-OESTE,2025-03-28 18:36:55
649,Sra. Maria Julia Camargo,45028937656,1962-09-04,5343.88,NORDESTE,2025-03-28 18:36:55
650,Liz Campos,20165374934,1960-01-23,16541.37,SUL,2025-03-28 18:36:55
651,Gustavo Henrique Santos,20865379483,1950-09-24,10641.89,NORDESTE,2025-03-28 18:36:55
652,Maria Luiza Rodrigues,58129673002,1979-11-08,6453.72,CENTRO-OESTE,2025-03-28 18:36:55
653,Giovanna Da Mota,50423769170,1956-06-06,19642.54,NORTE,2025-03-28 18:36:55
654,Sra. Rafaela Ribeiro,62943508160,1973-02-18,3201.03,NORDESTE,2025-03-28 18:36:55
655,Rafaela Siqueira,68237190440,1964-10-13,13046.11,SUL,2025-03-28 18:36:55
656,Sra. Maria Fernanda Da Costa,24819670387,1994-09-04,15817.06,CENTRO-OESTE,2025-03-28 18:36:55
657,Pietro Guerra,58641702326,1962-06-19,15459.53,NORDESTE,2025-03-28 18:36:55
658,Luigi Sampaio,50761498320,1946-01-25,9212.57,NORDESTE,2025-03-28 18:36:55
659,Sr. Benício Cunha,4172369561,1978-06-22,7495.57,SUDESTE,2025-03-28 18:36:55
660,Davi Lucca Da Mota,10487623940,1976-12-13,4410.45,SUL,2025-03-28 18:36:55
661,Natália Lopes,49603528170,1983-12-16,2947.68,SUDESTE,2025-03-28 18:36:55
662,Mariane Câmara,15796382446,1978-03-31,4301.32,SUDESTE,2025-03-28 18:36:55
663,Enrico Azevedo,97241035879,1979-12-30,2288.9,CENTRO-OESTE,2025-03-28 18:36:55
664,Erick Rocha,54631892005,1965-07-16,4161.17,SUDESTE,2025-03-28 18:36:55
665,Mathias Araújo,12769304887,1970-04-24,2279.66,NORDESTE,2025-03-28 18:36:55
666,Stella Fonseca,32075891621,1975-10-31,9997.9,NORDESTE,2025-03-28 18:36:55
667,Ana Lívia Brito,62097315461,1951-08-08,2419.19,NORDESTE,2025-03-28 18:36:55
668,Levi Sá,60243915799,1989-05-09,17559.2,SUL,2025-03-28 18:36:55
669,Luan Freitas,18639072469,1946-10-05,9473.21,CENTRO-OESTE,2025-03-28 18:36:55
670,Luna Novais,62185479067,1986-03-20,3471.64,SUL,2025-03-28 18:36:55
671,Rael Aragão,37518206471,1968-01-04,8288.63,SUL,2025-03-28 18:36:55
672,Antony Caldeira,85402913633,1969-04-15,1420.35,CENTRO-OESTE,2025-03-28 18:36:55
673,Antônio Gomes,94857360292,1953-07-25,5797.67,NORDESTE,2025-03-28 18:36:55
674,Gabriel Azevedo,58671943020,1953-05-07,4019.83,NORDESTE,2025-03-28 18:36:55
675,Eloá Camargo,5614739270,1990-09-21,19945.37,NORTE,2025-03-28 18:36:55
676,Srta. Luísa Souza,79625408347,1980-01-09,2941.68,NORTE,2025-03-28 18:36:55
677,Vinícius Farias,76804231562,1984-03-14,4108.85,SUL,2025-03-28 18:36:55
678,Luna Duarte,61509732802,1972-08-26,14179.96,SUDESTE,2025-03-28 18:36:55
679,Rael Freitas,84106359251,1949-09-23,16959.0,SUDESTE,2025-03-28 18:36:55
680,Bruna Novais,86743912069,1981-07-25,13435.71,CENTRO-OESTE,2025-03-28 18:36:55
681,Dra. Júlia Barros,94235816764,1958-02-20,17493.03,SUDESTE,2025-03-28 18:36:55
682,Melina Porto,12075389497,1993-11-03,1594.74,SUL,2025-03-28 18:36:55
683,Emilly Pacheco,61879543001,1991-09-22,18928.7,SUL,2025-03-28 18:36:55
684,Guilherme Gonçalves,45973026892,1946-09-05,13131.99,CENTRO-OESTE,2025-03-28 18:36:55
685,Dra. Rebeca Sales,90513846700,1951-08-28,6210.09,CENTRO-OESTE,2025-03-28 18:36:55
686,Dra. Ana Clara Fernandes,6398157230,1978-11-24,6927.09,NORDESTE,2025-03-28 18:36:55
687,Luiza Alves,94715238691,1955-04-25,17987.88,NORDESTE,2025-03-28 18:36:55
688,Sra. Mariana Rocha,37264190803,2003-11-14,5048.99,NORTE,2025-03-28 18:36:55
689,Gael Henrique Mendes,38527916428,1954-08-14,13381.67,SUDESTE,2025-03-28 18:36:55
690,João Vitor Rocha,50674183975,1980-12-25,11692.26,SUDESTE,2025-03-28 18:36:55
691,Maria Laura Barbosa,27153096434,2005-02-27,9990.99,SUDESTE,2025-03-28 18:36:55
692,Samuel Caldeira,49876012576,2006-09-14,4524.98,NORTE,2025-03-28 18:36:55
693,Maitê Da Rocha,79256108402,1976-07-05,2732.13,CENTRO-OESTE,2025-03-28 18:36:55
694,Oliver Da Costa,94180675366,1971-09-27,17050.88,SUDESTE,2025-03-28 18:36:55
695,Aylla Machado,52470683947,1999-12-22,1339.38,SUL,2025-03-28 18:36:55
696,Emanuelly Novais,59372806447,1965-06-23,3493.65,SUL,2025-03-28 18:36:55
697,Manuela Souza,14359260806,1999-08-24,18324.88,NORDESTE,2025-03-28 18:36:55
698,Maria Vitória Cavalcante,70581432690,1996-10-26,12716.36,NORTE,2025-03-28 18:36:55
699,Ana Júlia Cirino,80437169510,1971-02-16,1023.4,NORTE,2025-03-28 18:36:55
700,José Pedro Fernandes,47861305910,1949-11-22,12538.82,SUDESTE,2025-03-28 18:36:55
701,Alana Barros,9324678574,1977-05-29,9175.81,NORTE,2025-03-28 18:36:55
702,Eloah Farias,97051368230,1992-01-01,4055.68,SUL,2025-03-28 18:36:55
703,Ana Laura Azevedo,68074239500,1994-08-17,6110.87,CENTRO-OESTE,2025-03-28 18:36:55
704,Antony Pinto,72934851664,1945-09-17,19702.68,NORTE,2025-03-28 18:36:55
705,Isis Sampaio,9372618403,1975-01-07,1220.79,NORDESTE,2025-03-28 18:36:55
706,Vitória Duarte,78526913409,1961-08-18,13928.68,NORDESTE,2025-03-28 18:36:55
707,Mariane Andrade,95718230404,1949-02-26,10118.84,CENTRO-OESTE,2025-03-28 18:36:55
708,Emanuelly Moreira,1568427344,2001-04-24,14204.66,NORTE,2025-03-28 18:36:55
709,Enzo Gabriel Vieira,1785326490,1944-08-20,19100.32,NORTE,2025-03-28 18:36:55
710,Sr. João Gabriel Aragão,95307614810,1999-04-10,1752.76,CENTRO-OESTE,2025-03-28 18:36:55
711,Ana Sophia Camargo,6425793856,1946-07-14,2993.67,NORTE,2025-03-28 18:36:55
712,Marina Albuquerque,92643581709,1946-06-16,2953.06,SUDESTE,2025-03-28 18:36:55
713,Pietra Vargas,93704156884,1948-05-28,14346.83,NORDESTE,2025-03-28 18:36:55
714,Pedro Henrique Aparecida,70819463566,1995-05-06,15740.29,NORDESTE,2025-03-28 18:36:55
715,Srta. Hellena Pereira,30815267959,1998-04-04,7202.76,NORDESTE,2025-03-28 18:36:55
716,Sr. Thales Pereira,80725613408,1950-12-25,11150.6,NORTE,2025-03-28 18:36:55
717,Enzo Gabriel Da Mota,42098736169,1991-03-25,7661.91,NORTE,2025-03-28 18:36:55
718,Marcos Vinicius Brito,74156280390,1985-03-23,16665.77,NORDESTE,2025-03-28 18:36:55
719,Bruna Da Conceição,76123054880,1948-11-10,8541.54,NORDESTE,2025-03-28 18:36:55
720,Isabelly Fernandes,36705914270,1970-06-30,19571.86,NORDESTE,2025-03-28 18:36:55
721,Cecilia Freitas,60192543725,1946-05-11,14099.83,NORDESTE,2025-03-28 18:36:55
722,Sofia Sá,89402561749,1955-01-05,16607.37,NORDESTE,2025-03-28 18:36:55
723,Fernando Garcia,51728493609,1962-10-24,4182.17,NORTE,2025-03-28 18:36:55
724,Nicole Gonçalves,79126354837,1980-11-25,19079.45,SUL,2025-03-28 18:36:55
725,Mirella Farias,78592341655,1991-10-15,14423.04,NORTE,2025-03-28 18:36:55
726,Benjamin Da Cruz,19275063443,1988-03-10,18788.03,NORTE,2025-03-28 18:36:55
727,Dr. Nathan Castro,81269057359,1962-01-29,14472.15,NORDESTE,2025-03-28 18:36:55
728,Caleb Rios,64903187250,1970-07-27,12880.79,SUDESTE,2025-03-28 18:36:55
729,Sr. Kevin Da Luz,50132976480,1965-08-24,7449.55,CENTRO-OESTE,2025-03-28 18:36:55
730,Caleb Gonçalves,60874592356,1982-06-09,10203.57,CENTRO-OESTE,2025-03-28 18:36:55
731,Sr. Mathias Pacheco,38249501624,2005-07-09,18001.52,SUDESTE,2025-03-28 18:36:55
732,Bruna Moreira,24506873947,1945-12-30,12352.04,NORDESTE,2025-03-28 18:36:55
733,Luana Silveira,40758693265,1970-08-31,10137.17,NORTE,2025-03-28 18:36:55
734,Lara Novaes,45132709850,1955-02-28,4115.99,CENTRO-OESTE,2025-03-28 18:36:55
735,Kaique Mendes,72381459600,1944-04-15,14771.7,SUDESTE,2025-03-28 18:36:55
736,Luiz Gustavo Da Rocha,94253781004,1981-10-18,5694.96,SUL,2025-03-28 18:36:55
737,Maria Luiza Da Luz,48327916564,1974-07-26,10106.3,CENTRO-OESTE,2025-03-28 18:36:55
738,Gustavo Barros,16825490702,1976-09-09,5165.07,SUDESTE,2025-03-28 18:36:55
739,João Vitor Almeida,35942016780,1969-01-13,15141.3,SUL,2025-03-28 18:36:55
740,Isabelly Correia,75418936093,1967-02-21,16004.27,CENTRO-OESTE,2025-03-28 18:36:55
741,Laura Monteiro,82695730438,1975-11-26,4071.78,NORDESTE,2025-03-28 18:36:55
742,Vitor Barbosa,42156098794,1948-04-17,13412.0,SUL,2025-03-28 18:36:55
743,Mariana Leão,51908627395,1969-06-14,19930.34,NORTE,2025-03-28 18:36:55
744,Sr. Raul Araújo,63407258992,1990-02-28,10372.26,SUDESTE,2025-03-28 18:36:55
745,Srta. Maria Cecília Correia,43298175609,1951-06-08,4791.31,CENTRO-OESTE,2025-03-28 18:36:55
746,Dra. Ana Lívia Pires,40189356766,1963-06-26,5190.66,NORTE,2025-03-28 18:36:55
747,Gael Fernandes,19243867555,1991-02-18,16968.6,NORTE,2025-03-28 18:36:55
748,Ravi Silveira,60125384998,1949-10-13,17497.18,NORDESTE,2025-03-28 18:36:55
749,Lívia Guerra,16435978093,1990-11-27,15111.42,SUDESTE,2025-03-28 18:36:55
750,Sr. Guilherme Da Rocha,58126074949,1975-05-02,12946.53,SUDESTE,2025-03-28 18:36:55
751,Erick Barbosa,98572613455,1987-03-02,8049.74,SUDESTE,2025-03-28 18:36:55
752,Arthur Miguel Martins,3719452670,1982-01-08,10592.05,NORDESTE,2025-03-28 18:36:55
753,Kamilly Silveira,87436950274,1947-04-28,17473.6,NORTE,2025-03-28 18:36:55
754,Bárbara Almeida,4875361939,1994-10-21,9333.69,SUL,2025-03-28 18:36:55
755,Bernardo Fonseca,61435287991,1975-03-30,8514.79,SUDESTE,2025-03-28 18:36:55
756,Dr. João Miguel Nascimento,32410659870,1970-03-06,17595.04,NORDESTE,2025-03-28 18:36:55
757,Nicolas Moraes,79432016552,1961-07-01,16066.17,NORDESTE,2025-03-28 18:36:55
758,Isabelly Garcia,4679128313,1990-10-30,19850.53,NORDESTE,2025-03-28 18:36:55
759,Clara Câmara,94230685700,2004-03-02,18334.9,SUDESTE,2025-03-28 18:36:55
760,Srta. Nina Brito,59684032765,1987-05-19,8293.1,NORDESTE,2025-03-28 18:36:55
761,Luiz Miguel Da Luz,90628537492,1984-01-11,12999.64,NORTE,2025-03-28 18:36:55
762,Igor Moraes,53816724035,1983-09-12,3499.79,SUDESTE,2025-03-28 18:36:55
763,Leandro Silveira,71532496052,1961-08-24,18271.62,NORDESTE,2025-03-28 18:36:55
764,Vitor Sousa,5417629316,1958-10-04,5513.32,NORDESTE,2025-03-28 18:36:55
765,Davi Luiz Melo,46853702956,1986-02-27,4438.56,SUL,2025-03-28 18:36:55
766,Miguel Moura,91387250450,1999-09-19,2313.52,NORTE,2025-03-28 18:36:55
767,Srta. Mirella Abreu,68213740904,1969-08-08,5697.39,SUDESTE,2025-03-28 18:36:55
768,Maria Vieira,37952146025,1995-11-12,8695.4,NORTE,2025-03-28 18:36:55
769,Raul Silveira,30752496883,1966-04-19,13589.8,NORTE,2025-03-28 18:36:55
770,Vitor Hugo Casa Grande,87321409678,1957-05-17,8430.55,NORTE,2025-03-28 18:36:55
771,Ayla Caldeira,37189054260,1948-06-17,8581.87,CENTRO-OESTE,2025-03-28 18:36:55
772,Nicolas Da Mata,30142596752,1991-01-18,13478.0,NORTE,2025-03-28 18:36:55
773,João Vitor Mendes,43578290114,1986-03-13,15695.99,SUDESTE,2025-03-28 18:36:55
774,Camila Novaes,92061543898,1979-01-08,19426.6,CENTRO-OESTE,2025-03-28 18:36:55
775,Enzo Gabriel Pacheco,95628703400,1974-03-19,17790.48,NORDESTE,2025-03-28 18:36:55
776,Pedro Lucas Fernandes,26903157425,1949-08-03,9526.77,SUDESTE,2025-03-28 18:36:55
777,Matheus Rezende,75014683975,1968-01-11,16748.78,NORTE,2025-03-28 18:36:55
778,Laura Porto,24639718004,1953-05-31,9539.24,CENTRO-OESTE,2025-03-28 18:36:55
779,Mariana Barbosa,51072438941,1969-04-16,19023.08,NORTE,2025-03-28 18:36:55
780,Rafaela Abreu,67059134280,2001-03-14,4173.8,SUDESTE,2025-03-28 18:36:55
781,Maria Clara Aparecida,97528061476,1981-02-28,8207.81,CENTRO-OESTE,2025-03-28 18:36:55
782,Sr. Paulo Campos,13789645001,1974-06-03,14991.64,SUL,2025-03-28 18:36:55
783,Hadassa Pacheco,98316205777,1978-01-11,11136.73,NORTE,2025-03-28 18:36:55
784,Luiza Machado,65289431764,1962-05-31,17039.24,SUDESTE,2025-03-28 18:36:55
785,Ian Da Mata,62847359010,1992-01-10,9481.0,SUDESTE,2025-03-28 18:36:55
786,Ana Laura Porto,34782965010,1982-06-06,11258.21,SUDESTE,2025-03-28 18:36:55
787,Raul Castro,6142593805,1977-01-22,6125.24,NORDESTE,2025-03-28 18:36:55
788,Dra. Raquel Santos,75124390832,1965-10-16,3336.45,SUL,2025-03-28 18:36:55
789,Carlos Eduardo Melo,98671402576,1985-07-02,18795.51,SUL,2025-03-28 18:36:55
790,Emanuel Costa,8123756968,1973-03-11,13160.06,CENTRO-OESTE,2025-03-28 18:36:55
791,Aurora Gomes,34982715041,1990-06-12,9591.78,SUL,2025-03-28 18:36:55
792,Srta. Lavínia Martins,26153790895,1951-10-01,2682.56,NORTE,2025-03-28 18:36:55
793,Dr. Otávio Pires,82456109767,1956-03-05,10637.46,SUDESTE,2025-03-28 18:36:55
794,Calebe Farias,54071269316,1969-11-02,3818.52,SUL,2025-03-28 18:36:55
795,Dr. Ian Gonçalves,94836720150,1959-02-18,10118.04,CENTRO-OESTE,2025-03-28 18:36:55
796,Ravy Peixoto,19867354001,1979-06-04,1093.86,NORDESTE,2025-03-28 18:36:55
797,Nathan Nascimento,8429536710,1973-02-17,7139.48,SUL,2025-03-28 18:36:55
798,Davi Lucas Ramos,71205836977,1951-02-01,17490.45,CENTRO-OESTE,2025-03-28 18:36:55
799,Ana Liz Camargo,5143972841,1956-10-26,10288.09,SUDESTE,2025-03-28 18:36:55
800,Maria Laura Ramos,73619802440,1982-12-02,11112.65,SUL,2025-03-28 18:36:55
801,Marina Siqueira,74358029647,1986-08-02,3727.3,NORDESTE,2025-03-28 18:36:55
802,Marcelo Pires,71385042680,1999-06-15,4835.22,NORDESTE,2025-03-28 18:36:55
803,Sr. Davi Miguel Da Costa,87613042553,1992-10-17,4578.63,SUL,2025-03-28 18:36:55
804,Maria Alice Da Cunha,4638529747,2004-09-16,9431.25,SUL,2025-03-28 18:36:55
805,Lorena Souza,61245378937,1972-04-07,19303.59,NORDESTE,2025-03-28 18:36:55
806,Melina Das Neves,41286307996,1992-05-23,13571.01,NORDESTE,2025-03-28 18:36:55
807,Maria Fernanda Alves,80126495351,1963-06-30,8111.64,NORDESTE,2025-03-28 18:36:55
808,Marcela Viana,4671893584,1956-05-18,5638.8,NORDESTE,2025-03-28 18:36:55
809,Kevin Correia,84293157646,1994-02-03,17509.19,NORTE,2025-03-28 18:36:55
810,Sra. Maria Alice Porto,39175286068,1999-01-17,1577.35,NORTE,2025-03-28 18:36:55
811,Maria Luísa Vasconcelos,58691342773,1985-01-09,14101.01,NORTE,2025-03-28 18:36:55
812,Lorena Montenegro,67048213922,1946-09-02,12411.58,SUL,2025-03-28 18:36:55
813,Bárbara Aparecida,70246851902,1968-10-07,13672.46,NORTE,2025-03-28 18:36:55
814,Dr. Thomas Araújo,6215348970,1961-06-29,3025.27,SUDESTE,2025-03-28 18:36:55
815,Bruna Silveira,75461309801,2002-02-03,4026.46,NORTE,2025-03-28 18:36:55
816,Eloah Cavalcante,7296185449,1945-11-26,17462.33,NORTE,2025-03-28 18:36:55
817,Ravi Lucca Nogueira,3951247606,1979-01-05,17544.32,NORTE,2025-03-28 18:36:55
818,Srta. Maria Alice Rocha,80749523638,1994-04-23,2719.15,NORTE,2025-03-28 18:36:55
819,Luiza Leão,91423506898,1974-06-24,3073.08,NORDESTE,2025-03-28 18:36:55
820,Emanuel Barbosa,92370615443,2006-08-26,8678.67,SUDESTE,2025-03-28 18:36:55
821,Dr. Luiz Miguel Sales,87169024322,1950-10-17,13684.27,NORDESTE,2025-03-28 18:36:55
822,Isaque Garcia,49168257058,1975-12-26,15483.42,NORTE,2025-03-28 18:36:55
823,Bruno Aragão,46329158746,1959-05-30,7026.72,SUL,2025-03-28 18:36:55
824,Anthony Gabriel Barros,38604975101,1951-02-03,16538.85,NORTE,2025-03-28 18:36:55
825,Maria Júlia Da Costa,12530468915,1969-12-18,7239.24,NORTE,2025-03-28 18:36:55
826,Emilly Costa,16534079801,2001-12-04,7962.77,SUL,2025-03-28 18:36:55
827,Letícia Barros,27613948528,1956-08-11,8227.97,SUL,2025-03-28 18:36:55
828,Raquel Lima,8574163910,1984-07-15,9525.18,NORTE,2025-03-28 18:36:55
829,Joana Rezende,45803721662,1994-08-22,11368.05,CENTRO-OESTE,2025-03-28 18:36:55
830,Josué Mendonça,25048713923,1949-08-07,5318.12,NORDESTE,2025-03-28 18:36:55
831,Bento Siqueira,17620583912,2001-04-14,12154.17,NORDESTE,2025-03-28 18:36:55
832,Diogo Da Mota,56194307234,1944-09-29,15427.54,NORTE,2025-03-28 18:36:55
833,Ana Beatriz Almeida,91087465320,1955-11-26,8215.93,NORDESTE,2025-03-28 18:36:55
834,Breno Da Paz,7462513862,1966-12-16,19078.09,NORDESTE,2025-03-28 18:36:55
835,Dr. Rafael Viana,7135296443,1975-07-02,10104.46,SUL,2025-03-28 18:36:55
836,Catarina Siqueira,28173604940,1999-07-06,16461.56,NORTE,2025-03-28 18:36:55
837,Mariane Garcia,69425087300,2004-09-18,8223.72,NORDESTE,2025-03-28 18:36:55
838,Stephany Vargas,53849107639,1998-09-07,11005.85,SUDESTE,2025-03-28 18:36:55
839,Lorenzo Castro,52068374153,1950-06-16,10057.21,CENTRO-OESTE,2025-03-28 18:36:55
840,Dra. Ana Júlia Vasconcelos,76093218503,1990-04-05,15532.78,NORDESTE,2025-03-28 18:36:55
841,Lucas Marques,27495360143,1971-05-19,14594.33,CENTRO-OESTE,2025-03-28 18:36:55
842,Maria Julia Albuquerque,80532741617,1946-11-03,1346.42,CENTRO-OESTE,2025-03-28 18:36:55
843,Bianca Silva,85739210488,1981-08-24,1143.69,SUL,2025-03-28 18:36:55
844,Luara Rezende,63201847526,1974-01-01,18062.58,NORTE,2025-03-28 18:36:55
845,Alexia Melo,79342586074,1953-12-12,13439.17,CENTRO-OESTE,2025-03-28 18:36:55
846,Maria Cecília Sampaio,58493260738,1978-09-06,2145.08,SUL,2025-03-28 18:36:55
847,Mariah Campos,35028419779,1967-12-04,10104.48,CENTRO-OESTE,2025-03-28 18:36:55
848,Cecília Da Mata,84970362122,1997-03-14,2927.0,SUL,2025-03-28 18:36:55
849,João Guilherme Machado,79851034657,1972-05-21,12729.68,SUL,2025-03-28 18:36:55
850,Gustavo Da Cruz,41835902723,1962-08-11,6412.59,CENTRO-OESTE,2025-03-28 18:36:55
851,Dr. Fernando Melo,73046589247,2006-03-06,18662.51,SUDESTE,2025-03-28 18:36:55
852,Hellena Mendonça,45812039615,1982-05-22,11244.06,NORDESTE,2025-03-28 18:36:55
853,Pedro Lucas Castro,47698231500,1995-06-25,12596.34,NORDESTE,2025-03-28 18:36:55
854,Srta. Lara Sales,7968524300,1974-01-31,8598.2,SUL,2025-03-28 18:36:55
855,Srta. Laura Aparecida,84792650356,1961-05-14,8857.43,NORTE,2025-03-28 18:36:55
856,Alice Da Luz,21483796582,1997-06-29,10927.14,SUDESTE,2025-03-28 18:36:55
857,Luiz Miguel Almeida,45387961237,1972-12-29,4447.33,SUL,2025-03-28 18:36:55
858,Maysa Borges,39740186548,1982-01-04,4507.12,NORTE,2025-03-28 18:36:55
859,Valentim Borges,17290485602,1991-09-24,11778.93,NORDESTE,2025-03-28 18:36:55
860,Camila Da Rosa,7549863148,1998-07-02,18437.3,SUDESTE,2025-03-28 18:36:55
861,Natália Duarte,45821790379,1990-01-20,10187.37,NORTE,2025-03-28 18:36:55
862,Melina Leão,75643098229,1993-06-08,8096.68,SUL,2025-03-28 18:36:55
863,Elisa Novaes,72954631864,1951-05-02,13029.88,CENTRO-OESTE,2025-03-28 18:36:55
864,Elisa Rezende,39508127686,2002-01-20,1049.1,SUL,2025-03-28 18:36:55
865,Diego Vargas,80392574683,1983-04-06,17799.92,NORTE,2025-03-28 18:36:55
866,Maria Cecília Gonçalves,95781264094,2003-02-14,16081.13,NORDESTE,2025-03-28 18:36:55
867,Henrique Novais,23719685012,1963-01-09,4320.7,NORTE,2025-03-28 18:36:55
868,Asafe Rodrigues,51980736448,1999-10-20,16957.36,NORTE,2025-03-28 18:36:55
869,Maria Liz Da Rosa,72435980132,1950-02-18,5500.54,SUL,2025-03-28 18:36:55
870,Lara Cassiano,92458167373,1946-05-10,6739.15,CENTRO-OESTE,2025-03-28 18:36:55
871,Gabriel Leão,37984562083,1999-02-24,17172.31,NORDESTE,2025-03-28 18:36:55
872,Sr. Guilherme Fernandes,54067298374,2001-07-19,16381.07,CENTRO-OESTE,2025-03-28 18:36:55
873,Ester Porto,47058632910,1984-06-04,12853.33,NORTE,2025-03-28 18:36:55
874,Sr. Miguel Novais,18375246026,1975-02-05,9054.95,SUL,2025-03-28 18:36:55
875,Nicole Pires,58472163946,1990-05-06,4192.27,CENTRO-OESTE,2025-03-28 18:36:55
876,Ana Liz Santos,73640829131,1999-02-03,17515.93,NORTE,2025-03-28 18:36:55
877,Ísis Da Paz,3648517244,1951-03-29,5118.06,NORTE,2025-03-28 18:36:55
878,Ana Laura Machado,51042389705,1969-06-16,4390.47,SUL,2025-03-28 18:36:55
879,Bento Lima,70529634856,1990-01-03,13197.46,SUDESTE,2025-03-28 18:36:55
880,Dr. Marcos Vinicius Viana,50412873923,1952-09-19,4917.54,CENTRO-OESTE,2025-03-28 18:36:55
881,Alexia Lima,36950481748,1947-03-30,5406.99,SUL,2025-03-28 18:36:55
882,Bella Da Paz,23087491640,1962-06-20,12295.05,NORTE,2025-03-28 18:36:55
883,Murilo Jesus,93051428779,1970-01-26,19767.92,CENTRO-OESTE,2025-03-28 18:36:55
884,Vitor Hugo Barros,90658471384,2003-12-19,12343.89,NORDESTE,2025-03-28 18:36:55
885,Evelyn Brito,47586092176,1980-08-18,8682.06,SUL,2025-03-28 18:36:55
886,Bryan Gonçalves,23197645855,1983-03-25,14634.36,NORTE,2025-03-28 18:36:55
887,José Miguel Santos,91408627396,1973-11-19,1300.6,SUDESTE,2025-03-28 18:36:55
888,Emanuelly Da Luz,94671238519,1988-04-04,16555.43,SUDESTE,2025-03-28 18:36:55
889,Srta. Letícia Montenegro,76403921878,1952-11-03,14762.44,NORDESTE,2025-03-28 18:36:55
890,Hellena Freitas,90841537232,2000-03-31,18204.97,SUL,2025-03-28 18:36:55
891,Sarah Nascimento,52347089188,1986-09-06,2508.97,SUL,2025-03-28 18:36:55
892,João Sales,67491032516,1968-08-08,17989.63,CENTRO-OESTE,2025-03-28 18:36:55
893,Sr. Luiz Fernando Teixeira,57468392137,1957-07-10,8622.57,NORTE,2025-03-28 18:36:55
894,Danilo Das Neves,43520718626,1971-05-31,5306.47,NORTE,2025-03-28 18:36:55
895,Ana Clara Cavalcanti,2637984104,1978-04-27,12725.96,SUL,2025-03-28 18:36:55
896,Vinicius Pires,40321958624,1996-02-23,10862.14,NORDESTE,2025-03-28 18:36:55
897,Vicente Pastor,54809326756,2006-02-15,13722.45,SUDESTE,2025-03-28 18:36:55
898,Leandro Rezende,67904321831,1989-05-10,5440.53,SUL,2025-03-28 18:36:55
899,Maria Liz Rios,92513746864,1983-08-19,6151.8,NORDESTE,2025-03-28 18:36:55
900,Heloísa Macedo,67832915021,1991-02-08,13922.51,SUDESTE,2025-03-28 18:36:55
901,Isabelly Monteiro,35164920824,2006-07-12,7162.34,CENTRO-OESTE,2025-03-28 18:36:55
902,Isadora Barbosa,76932054892,1955-01-15,4616.17,NORDESTE,2025-03-28 18:36:55
903,Alícia Vasconcelos,9148762369,1947-03-28,19888.65,NORDESTE,2025-03-28 18:36:55
904,Maria Luiza Brito,42056319870,1975-09-07,7895.94,CENTRO-OESTE,2025-03-28 18:36:55
905,Asafe Gonçalves,56082431960,2004-08-07,14882.36,SUDESTE,2025-03-28 18:36:55
906,Clarice Sá,5836471207,1946-03-04,2142.7,SUDESTE,2025-03-28 18:36:55
907,Dr. Luiz Otávio Camargo,19325806460,1992-04-17,2686.58,SUL,2025-03-28 18:36:55
908,Lucas Marques,71946308269,1984-12-16,4330.76,NORTE,2025-03-28 18:36:55
909,Otto Abreu,76501834910,1963-03-18,4239.08,NORDESTE,2025-03-28 18:36:55
910,Srta. Yasmin Freitas,40286971313,1982-08-23,2836.85,NORTE,2025-03-28 18:36:55
911,Isadora Cassiano,68702493187,1991-08-23,16614.32,SUDESTE,2025-03-28 18:36:55
912,Yuri Andrade,69214507325,1970-09-11,7603.86,SUDESTE,2025-03-28 18:36:55
913,Francisco Novaes,1762439506,1985-02-01,19643.49,CENTRO-OESTE,2025-03-28 18:36:55
914,Alícia Vieira,26795813002,1950-07-29,18616.38,SUL,2025-03-28 18:36:55
915,Levi Vargas,52486307974,1963-06-05,3276.75,CENTRO-OESTE,2025-03-28 18:36:55
916,Zoe Ribeiro,37906254180,1983-08-31,3895.9,SUL,2025-03-28 18:36:55
917,Pedro Lucas Andrade,14306597261,1974-12-23,15006.42,SUDESTE,2025-03-28 18:36:55
918,Nicolas Aparecida,90568214315,1954-02-25,5629.48,SUL,2025-03-28 18:36:55
919,Dom Fernandes,7356429829,2005-01-15,2765.65,NORDESTE,2025-03-28 18:36:55
920,Stella Da Paz,58129467364,1950-10-03,15970.14,NORTE,2025-03-28 18:36:55
921,Benjamim Azevedo,42679031822,1972-10-12,12561.24,SUDESTE,2025-03-28 18:36:55
922,Bruno Duarte,34625981719,1963-05-26,15858.53,NORDESTE,2025-03-28 18:36:55
923,Laura Leão,92760413543,1958-08-07,2199.07,SUDESTE,2025-03-28 18:36:55
924,Dr. Pedro Henrique Da Mota,87516420344,1970-01-01,6759.44,NORDESTE,2025-03-28 18:36:55
925,Sophia Melo,68312705902,1999-12-29,7491.82,NORTE,2025-03-28 18:36:55
926,Laura Campos,51290867321,1996-12-29,2665.21,CENTRO-OESTE,2025-03-28 18:36:55
927,José Miguel Mendes,54860217985,1995-09-20,5542.05,NORTE,2025-03-28 18:36:55
928,Maria Júlia Viana,18376094548,1945-10-06,6804.96,SUDESTE,2025-03-28 18:36:55
929,Joaquim Vargas,30654281998,1976-07-30,6314.37,NORDESTE,2025-03-28 18:36:55
930,Ana Clara Sales,36259180721,1957-04-03,12411.29,CENTRO-OESTE,2025-03-28 18:36:55
931,Sr. Léo Montenegro,93086172487,1953-09-12,15939.24,SUDESTE,2025-03-28 18:36:55
932,Dr. Benjamin Nascimento,97158624382,1951-05-17,17177.07,NORDESTE,2025-03-28 18:36:55
933,Olivia Costa,73564901299,1998-07-14,10521.91,NORTE,2025-03-28 18:36:55
934,Caleb Nascimento,37914825050,1948-11-01,3210.96,NORDESTE,2025-03-28 18:36:55
935,Rebeca Siqueira,54821367955,1946-12-12,12931.05,NORDESTE,2025-03-28 18:36:55
936,Liam Viana,68170943566,1989-12-28,17493.08,CENTRO-OESTE,2025-03-28 18:36:55
937,Maria Liz Sousa,75310946225,1952-05-10,16010.58,SUDESTE,2025-03-28 18:36:55
938,Emanuelly Cardoso,41306795206,1977-06-29,16555.97,SUL,2025-03-28 18:36:55
939,Emilly Rodrigues,1675398259,1958-05-27,1434.98,CENTRO-OESTE,2025-03-28 18:36:55
940,Srta. Maria Alice Fonseca,84295137014,2000-11-05,14204.07,NORDESTE,2025-03-28 18:36:55
941,Ana Carolina Peixoto,10462758958,2005-08-01,19189.13,NORDESTE,2025-03-28 18:36:55
942,João Vasconcelos,31590826442,1974-08-15,13178.47,NORTE,2025-03-28 18:36:55
943,Brayan Abreu,89047316231,2001-09-15,11928.1,SUL,2025-03-28 18:36:55
944,Ana Julia Da Costa,78321965059,1992-02-27,17378.28,SUDESTE,2025-03-28 18:36:55
945,Isaque Barros,97835021668,1994-11-13,12521.05,NORTE,2025-03-28 18:36:55
946,Thomas Cunha,68245097101,1959-03-24,12518.81,SUL,2025-03-28 18:36:55
947,Srta. Eloá Marques,7614853920,1960-06-06,7033.1,CENTRO-OESTE,2025-03-28 18:36:55
948,Vicente Nunes,24857691094,1961-10-30,8574.6,NORTE,2025-03-28 18:36:55
949,Gabriel Abreu,8173926450,1970-01-08,13659.83,NORDESTE,2025-03-28 18:36:55
950,Ana Liz Brito,57218436919,1949-10-28,2295.27,NORDESTE,2025-03-28 18:36:55
951,Sr. Miguel Cardoso,87291456002,1945-08-01,10616.04,SUDESTE,2025-03-28 18:36:55
952,Pietro Camargo,47219035616,1952-08-04,2519.34,SUDESTE,2025-03-28 18:36:55
953,Maria Helena Silveira,12648593098,2002-09-01,19350.62,SUDESTE,2025-03-28 18:36:55
954,Oliver Fernandes,71253496846,1945-12-08,6924.51,SUDESTE,2025-03-28 18:36:55
955,Fernando Correia,80796534101,1973-10-13,9350.72,SUDESTE,2025-03-28 18:36:55
956,Sr. Pietro Sampaio,38204579179,1978-03-12,17177.52,SUL,2025-03-28 18:36:55
957,Carlos Eduardo Pastor,42871095388,1976-09-18,1336.07,NORDESTE,2025-03-28 18:36:55
958,Aurora Correia,61453897291,1999-02-18,13353.82,CENTRO-OESTE,2025-03-28 18:36:55
959,Luiza Garcia,13574286007,1991-05-24,8342.76,SUL,2025-03-28 18:36:55
960,Lucas Gabriel Monteiro,20317498622,1955-06-11,15834.47,NORDESTE,2025-03-28 18:36:55
961,Maria Flor Garcia,81673250912,1970-05-09,5023.35,CENTRO-OESTE,2025-03-28 18:36:55
962,Raul Aparecida,25340819779,1957-09-26,15330.82,NORTE,2025-03-28 18:36:55
963,Arthur Porto,61938027469,1950-01-04,9176.41,NORTE,2025-03-28 18:36:55
964,Rebeca Fonseca,68457310984,2005-04-26,3702.74,NORTE,2025-03-28 18:36:55
965,Anna Liz Correia,20513689451,1999-11-14,15871.22,CENTRO-OESTE,2025-03-28 18:36:55
966,Sara Caldeira,60819352721,1972-10-08,4377.56,SUDESTE,2025-03-28 18:36:55
967,Mariah Cunha,87925630400,1954-01-25,12742.98,SUDESTE,2025-03-28 18:36:55
968,Sra. Ana Luiza Vieira,35291684089,1944-10-24,19937.24,NORTE,2025-03-28 18:36:55
969,Vitor Peixoto,28469307169,1991-06-30,5420.27,SUDESTE,2025-03-28 18:36:55
970,Carlos Eduardo Lima,89572430629,1965-09-30,6818.82,SUDESTE,2025-03-28 18:36:55
971,Sophia Pereira,62815930498,1966-01-11,13458.75,NORDESTE,2025-03-28 18:36:55
972,Rebeca Vasconcelos,27093185479,1964-02-14,3483.5,SUDESTE,2025-03-28 18:36:55
973,Levi Porto,2715638426,1988-02-28,8691.17,SUL,2025-03-28 18:36:55
974,Sr. Cauã Peixoto,54167230844,1959-05-30,7730.49,CENTRO-OESTE,2025-03-28 18:36:55
975,Caleb Almeida,27468015317,1959-11-20,8868.47,SUL,2025-03-28 18:36:55
976,Sra. Luna Moreira,81720493588,1945-06-03,8354.5,SUL,2025-03-28 18:36:55
977,Josué Lopes,3647592838,1966-03-08,1209.59,NORDESTE,2025-03-28 18:36:55
978,João Pedro Moreira,56489213060,1963-01-18,3542.27,SUL,2025-03-28 18:36:55
979,Guilherme Cavalcante,40325167826,2007-02-25,1364.65,SUL,2025-03-28 18:36:55
980,Luísa Freitas,47361208517,1953-08-27,15445.51,NORDESTE,2025-03-28 18:36:55
981,Ísis Porto,1865274380,1988-06-04,4604.2,SUL,2025-03-28 18:36:55
982,Ravy Moreira,62315704871,1968-04-23,5088.84,SUL,2025-03-28 18:36:55
983,Fernanda Fonseca,36914582700,1951-11-12,16851.76,SUL,2025-03-28 18:36:55
984,Aylla Cavalcante,42630579883,1962-09-02,19541.6,NORDESTE,2025-03-28 18:36:55
985,Luna Freitas,60798512377,1974-07-02,2227.72,SUDESTE,2025-03-28 18:36:55
986,Stephany Pires,37948501223,1972-12-06,8056.76,NORTE,2025-03-28 18:36:55
987,Eduarda Araújo,4528916398,1964-05-26,11411.23,SUL,2025-03-28 18:36:55
988,Sr. Mathias Silva,2537498674,1994-11-01,17042.78,SUL,2025-03-28 18:36:55
989,Ian Jesus,19257368491,1959-04-14,10276.58,SUDESTE,2025-03-28 18:36:55
990,Dra. Daniela Câmara,69302185451,1977-03-30,17428.55,SUDESTE,2025-03-28 18:36:55
991,Vinícius Pereira,59872630186,2002-05-06,13382.5,CENTRO-OESTE,2025-03-28 18:36:55
992,Luana Sales,76135482955,1973-01-01,8141.88,SUDESTE,2025-03-28 18:36:55
993,Otávio Souza,69087532121,1998-08-23,17331.74,NORDESTE,2025-03-28 18:36:55
994,Lara Pimenta,40852791658,1962-10-20,15915.31,SUL,2025-03-28 18:36:55
995,Sophie Cavalcanti,84267519382,1969-02-05,3529.76,NORTE,2025-03-28 18:36:55
996,Kamilly Azevedo,41563978237,1946-07-06,13515.15,NORTE,2025-03-28 18:36:55
997,Breno Cassiano,80146537939,1959-12-08,14074.56,SUDESTE,2025-03-28 18:36:55
998,Ana Guerra,3658172959,1965-07-22,2451.92,NORTE,2025-03-28 18:36:55
999,Maria Clara Da Mota,93810576484,1985-01-30,16976.56,NORDESTE,2025-03-28 18:36:55
1000,Maria Novais,27498561328,1957-12-02,5808.11,SUL,2025-03-28 18:36:55
